,Brand,Battery,Screen size,Resolution x,Resolution y,Processor,Storage,Rear camera,Front camera,4G,Price,RAM
0,44,4085,6.67,1440,3120,8,256.0,48.0,16.0,1,6.563827317389543,12.0
1,53,4000,6.5,1080,2400,8,64.0,64.0,16.0,1,5.820053256321588,6.0
2,3,3969,6.5,1242,2688,6,64.0,12.0,12.0,1,7.157579708877678,4.0
3,3,3110,6.1,828,1792,6,64.0,12.0,12.0,1,6.627776790915388,4.0
4,29,4000,6.4,1080,2340,8,128.0,12.0,32.0,0,6.398395247377756,6.0
5,44,3800,6.55,1080,2400,8,128.0,48.0,16.0,1,6.040635591114431,8.0
6,44,4085,6.67,1440,3120,8,256.0,48.0,16.0,1,6.456581254780323,8.0
7,54,4300,6.8,1440,3040,8,256.0,12.0,10.0,1,6.864210831948773,12.0
8,5,6000,6.59,1080,2340,8,128.0,48.0,24.0,1,6.124661508816719,8.0
9,65,4000,6.39,1080,2340,8,128.0,48.0,20.0,0,5.63221486279678,6.0
10,46,3765,6.5,1080,2340,8,64.0,16.0,16.0,1,5.666011376969203,6.0
11,53,3765,6.53,1080,2340,8,128.0,48.0,16.0,1,5.19844178112078,4.0
12,65,4000,6.39,1080,2340,8,64.0,48.0,20.0,1,5.448373962754716,6.0
13,44,4000,6.67,1440,3120,8,128.0,48.0,16.0,1,6.175742522200324,6.0
14,46,4065,6.6,1080,2340,8,128.0,48.0,16.0,1,6.097804582879308,6.0
15,53,4045,6.3,1080,2340,8,64.0,16.0,25.0,1,5.129839541574732,4.0
16,20,4200,6.47,1080,2340,8,256.0,40.0,32.0,1,6.480596556788717,8.0
17,65,4000,6.3,1080,2340,8,64.0,48.0,13.0,1,4.775672165976704,4.0
18,20,4200,6.39,1440,3120,8,128.0,40.0,24.0,1,6.644934910515029,6.0
19,29,3300,6.4,1440,3120,8,128.0,12.0,8.0,1,5.888850257118181,6.0
20,44,3700,6.41,1080,2340,8,128.0,16.0,16.0,1,5.953217359924479,6.0
21,3,2942,6.1,828,1792,6,64.0,12.0,7.0,1,6.304430520719223,3.0
22,3,2658,6.5,1242,2688,6,64.0,12.0,7.0,1,6.734579769295833,4.0
23,3,2658,5.8,1125,2436,6,64.0,12.0,7.0,1,6.580625267563245,4.0
24,15,3430,6.3,1440,2960,8,64.0,12.2,8.0,1,6.357634272608504,4.0
25,15,2915,5.5,1080,2160,8,64.0,12.2,8.0,1,6.124661508816719,4.0
26,5,4000,6.0,1080,2160,8,128.0,12.0,8.0,1,6.734579769295833,8.0
27,54,4000,6.4,1440,2960,8,128.0,12.0,8.0,1,6.52940423961552,6.0
28,29,3000,6.1,1440,3120,8,128.0,16.0,8.0,1,6.124661508816719,6.0
29,5,5000,5.99,1080,2160,8,32.0,13.0,8.0,1,4.794798317964484,3.0
30,20,4000,6.1,1080,2240,8,64.0,40.0,24.0,1,6.398395247377756,4.0
31,44,3300,6.28,1080,2280,8,64.0,16.0,16.0,1,6.042609080431154,6.0
32,5,3300,6.2,1080,2246,8,64.0,12.0,8.0,1,5.433678334478489,4.0
33,65,4000,5.99,1080,2160,8,64.0,12.0,20.0,1,4.729067822644328,4.0
34,41,3800,6.0,1080,2160,8,64.0,12.0,16.0,1,4.976733742420574,4.0
35,54,3500,6.2,1440,2960,8,64.0,12.0,8.0,1,5.888850257118181,6.0
36,54,3000,5.8,1440,2960,8,64.0,12.0,8.0,1,5.783794412625586,4.0
37,17,3930,6.0,1440,2560,8,128.0,12.0,8.0,1,6.456581254780323,6.0
38,54,3300,6.3,1440,2960,8,64.0,12.0,8.0,1,6.398578295461671,6.0
39,3,1821,4.7,750,1334,6,64.0,12.0,7.0,1,6.09805181000363,2.0
40,3,2691,5.5,1080,1920,6,64.0,12.0,7.0,1,6.336825731146441,3.0
41,3,2716,5.8,1125,2436,6,64.0,12.0,7.0,1,6.734579769295833,3.0
42,40,2730,5.5,1440,2560,8,64.0,12.0,5.0,1,5.53334996225466,6.0
43,17,3000,5.5,1440,2560,8,128.0,12.0,16.0,1,6.475247799762089,6.0
44,41,3090,5.3,1440,2560,8,64.0,13.0,13.0,1,5.198110216131005,4.0
45,54,3500,6.2,1440,2960,8,64.0,12.0,8.0,1,5.8888779583328805,4.0
46,54,3000,5.8,1440,2960,8,64.0,12.0,8.0,1,5.783609774515756,4.0
47,29,3300,5.7,1440,2880,1,32.0,13.0,5.0,1,5.666011376969203,3.0
48,44,3400,5.5,1080,1920,4,64.0,16.0,16.0,1,5.484755438853831,6.0
49,54,4000,6.0,1080,1920,8,64.0,16.0,16.0,1,5.322961197460796,6.0
50,15,3450,5.5,1440,2560,4,32.0,12.3,8.0,1,5.921256652064486,4.0
51,3,2900,5.5,1080,1920,4,32.0,12.0,7.0,1,6.042609080431154,3.0
52,3,1960,4.7,750,1334,4,32.0,12.0,7.0,1,5.820053256321588,2.0
53,19,3000,5.2,1080,1920,8,32.0,12.0,8.0,1,5.496963286261846,4.0
54,44,3000,5.5,1080,1920,4,64.0,16.0,8.0,1,5.623981404452646,6.0
55,5,3000,5.7,1080,1920,4,256.0,23.0,8.0,1,6.29340079438729,6.0
56,65,3000,5.15,1080,1920,4,32.0,16.0,4.0,1,5.707077041605631,3.0
57,54,3600,5.5,1440,2560,8,32.0,12.0,5.0,1,6.175763314598624,4.0
58,54,3000,5.1,1440,2560,8,32.0,12.0,5.0,1,5.666392085437642,4.0
59,40,3760,5.4,1440,2560,8,32.0,21.0,5.0,1,4.441827387791918,3.0
60,20,3450,5.7,1440,2560,8,32.0,12.3,8.0,1,6.24800418904062,3.0
61,3,2750,5.5,1080,1920,1,16.0,12.0,5.0,1,5.745819730447258,2.0
62,67,2500,5.5,1080,1920,8,16.0,13.0,5.0,1,4.289637185380534,2.0
63,54,3050,5.7,1080,1920,8,32.0,16.0,5.0,1,4.484018984423941,2.0
64,54,2550,5.1,1440,2560,8,32.0,16.0,5.0,1,5.746171241147987,3.0
65,67,2500,5.5,720,1280,8,16.0,13.0,5.0,1,3.8916161956504833,2.0
66,65,3100,5.5,720,1280,8,8.0,13.0,5.0,0,4.574607880405451,2.0
67,53,5000,6.52,720,1600,8,32.0,12.0,5.0,1,4.442533602510535,3.0
68,50,4500,6.67,1080,2400,8,64.0,64.0,20.0,1,5.2626383740910185,6.0
69,54,4500,6.7,1080,2400,8,128.0,48.0,32.0,0,6.175846479868856,8.0
70,53,5000,6.52,720,1600,8,64.0,12.0,8.0,1,4.69125613490122,4.0
71,54,4500,6.7,1080,2400,8,128.0,12.0,32.0,0,6.150581446257343,6.0
72,64,4500,6.44,1080,2400,8,128.0,48.0,32.0,1,5.540478923698008,8.0
73,64,5000,6.53,1080,2340,8,64.0,16.0,16.0,1,4.889446465305039,4.0
74,53,5000,6.5,720,1600,8,64.0,48.0,13.0,1,4.7957078975533864,4.0
75,53,4000,6.4,1080,2340,8,64.0,64.0,32.0,1,5.322961197460796,4.0
76,64,4100,6.44,1080,2400,8,128.0,48.0,32.0,1,5.7546023236528345,8.0
77,42,5000,6.65,1080,2340,8,128.0,48.0,16.0,1,6.357824935335385,8.0
78,54,6000,6.4,1080,2340,8,64.0,48.0,16.0,1,5.0561821090522265,4.0
79,64,4500,6.38,1080,2340,8,128.0,48.0,32.0,1,5.262068233872916,4.0
80,46,4000,6.53,1080,2340,8,256.0,48.0,16.0,0,5.6283402794893425,8.0
81,53,4000,6.4,1080,2340,8,64.0,64.0,16.0,1,5.19844178112078,4.0
82,65,4500,6.53,1080,2340,8,64.0,64.0,20.0,1,5.129839541574732,6.0
83,41,3500,6.3,1080,2340,8,64.0,48.0,20.0,1,5.223162692947276,4.0
84,54,4000,6.4,1080,2340,8,128.0,48.0,32.0,1,5.302309387817574,4.0
85,53,4035,6.3,1080,2340,8,64.0,48.0,16.0,1,4.976664774525102,4.0
86,53,5000,6.5,720,1600,8,32.0,12.0,13.0,1,4.646312129319266,3.0
87,64,5000,6.53,1080,2340,8,64.0,16.0,32.0,1,5.055481181888091,4.0
88,65,4030,6.08,720,1560,8,64.0,48.0,32.0,1,4.963823172310452,4.0
89,5,5000,6.4,1080,2340,8,64.0,48.0,48.0,1,5.820053256321588,6.0
90,54,3500,6.3,1080,2340,8,128.0,32.0,16.0,1,5.315911674948988,6.0
91,65,4000,6.3,1080,2340,8,32.0,48.0,13.0,1,4.65195834748685,3.0
92,40,3500,6.3,1080,2520,8,128.0,48.0,25.0,1,5.107641005371328,4.0
93,42,5000,6.65,1080,2340,8,128.0,48.0,16.0,1,6.070714633047582,8.0
94,46,4020,6.53,1080,2340,8,128.0,16.0,16.0,1,4.9759058135751575,4.0
95,15,3700,6.0,1080,2160,8,64.0,12.2,8.0,1,6.042609080431154,4.0
96,54,4500,6.7,1080,2400,8,128.0,32.0,32.0,1,5.593186053314175,6.0
97,7,4000,6.39,1080,2340,8,128.0,48.0,20.0,1,5.888850257118181,6.0
98,44,3700,6.41,1080,2340,8,128.0,48.0,16.0,1,5.888850257118181,6.0
99,29,3550,6.2,1080,2248,8,64.0,12.0,8.0,1,6.1756177587309065,6.0
100,64,3700,6.39,1080,2340,8,128.0,48.0,32.0,1,5.378421610789698,6.0
101,65,4000,6.3,1080,2340,8,32.0,12.0,13.0,1,4.765501724890431,3.0
102,65,4000,6.26,720,1520,8,16.0,12.0,8.0,1,4.488411625377895,2.0
103,54,5000,6.3,1080,2340,8,32.0,13.0,8.0,1,4.7957078975533864,3.0
104,54,5000,6.4,1080,2340,8,32.0,13.0,16.0,1,4.744845168060573,3.0
105,19,4000,6.4,1080,2310,8,128.0,48.0,25.0,0,5.711882910690069,6.0
106,5,5000,6.26,1080,2280,8,32.0,12.0,13.0,1,4.976664774525102,3.0
107,15,3000,5.6,1080,2220,8,64.0,12.2,8.0,1,5.921551609632956,4.0
108,53,3500,6.3,1080,2340,8,32.0,13.0,25.0,1,4.69125613490122,3.0
109,19,3400,6.21,1080,2340,8,32.0,13.0,24.0,1,4.574607880405451,3.0
110,41,3500,6.18,1080,2244,8,64.0,12.0,20.0,1,5.37989735354046,4.0
111,54,3800,6.3,1080,2220,8,128.0,24.0,24.0,1,5.579729825986222,6.0
112,46,3600,6.41,1080,2340,8,64.0,16.0,25.0,0,4.794798317964484,4.0
113,41,3060,5.84,1080,2280,8,64.0,12.0,8.0,0,4.9684234452869465,4.0
114,53,3500,6.3,1080,2340,8,64.0,16.0,16.0,1,4.957515771765594,4.0
115,64,3260,6.3,1080,2280,8,64.0,13.0,16.0,1,5.292701627762401,4.0
116,54,3300,6.0,1080,2220,8,64.0,24.0,24.0,1,5.292701627762401,4.0
117,65,4000,6.26,1080,2280,8,64.0,12.0,20.0,1,4.753245304053455,4.0
118,64,3400,6.41,1080,2340,8,64.0,12.0,25.0,1,5.197833827969714,6.0
119,46,3700,6.4,1080,2340,8,128.0,12.0,25.0,1,5.5474794802608,8.0
120,41,3060,5.86,720,1520,8,32.0,13.0,8.0,1,4.442533602510535,3.0
121,19,3750,6.5,1080,2340,8,64.0,20.0,16.0,1,4.7957078975533864,4.0
122,50,4000,6.18,1080,2246,8,64.0,12.0,20.0,1,5.197833827969714,6.0
123,41,3060,5.8,1080,2280,8,64.0,16.0,16.0,1,4.69125613490122,4.0
124,64,4000,6.59,1080,2316,8,128.0,12.0,8.0,1,5.888850257118181,8.0
125,46,3730,6.42,1080,2340,8,256.0,16.0,25.0,1,6.565377639744229,8.0
126,19,3750,6.3,1080,2340,8,64.0,16.0,16.0,1,5.38049625250568,4.0
127,53,3410,6.0,1080,2160,8,32.0,13.0,8.0,1,4.825028346310772,3.0
128,65,3000,5.99,1080,2160,8,64.0,12.0,20.0,1,4.69024635834321,4.0
129,19,3400,5.84,1080,2280,8,128.0,16.0,24.0,1,5.32242444189127,6.0
130,46,3400,6.23,1080,2280,8,64.0,16.0,25.0,1,5.433197848741854,4.0
131,64,3200,6.28,1080,2280,8,64.0,12.0,12.0,1,5.395806987825294,6.0
132,41,3260,5.5,1440,2560,8,128.0,12.0,5.0,1,5.129839541574732,6.0
133,22,4000,5.65,720,1440,8,32.0,13.0,20.0,1,4.7957078975533864,3.0
134,41,3000,5.5,1080,1920,8,32.0,16.0,8.0,1,4.674602960703428,3.0
135,19,3750,5.99,1080,2160,8,128.0,16.0,13.0,1,5.256401023446745,6.0
136,22,4350,5.98,1080,1920,8,128.0,12.0,16.0,1,5.256453162449338,6.0
137,46,3200,6.0,1080,2160,8,32.0,16.0,20.0,1,4.844108343200942,4.0
138,44,3300,6.01,1080,2160,8,64.0,16.0,16.0,1,5.837701292221988,6.0
139,19,3340,5.9,1080,2160,8,64.0,16.0,16.0,1,4.69125613490122,4.0
140,65,3400,5.99,1080,2160,8,64.0,12.0,5.0,1,5.888850257118181,6.0
141,32,4000,5.2,1080,1920,8,32.0,13.0,8.0,1,4.441238494305727,3.0
142,65,3080,5.5,1080,1920,8,32.0,12.0,5.0,1,4.7957078975533864,4.0
143,57,2700,5.2,1080,1920,8,32.0,19.0,13.0,1,6.042347757422552,4.0
144,29,3300,6.0,1440,2880,8,128.0,16.0,5.0,1,5.820053256321588,4.0
145,32,4000,5.5,1080,1920,10,32.0,13.0,13.0,1,4.484018984423941,3.0
146,40,3000,5.2,1080,1920,8,32.0,16.0,5.0,1,4.7957078975533864,3.0
147,15,3520,6.0,1440,2880,8,64.0,12.2,8.0,1,5.055799846050629,4.0
148,15,2700,5.0,1080,1920,8,64.0,12.2,8.0,1,4.795211865797184,4.0
149,40,3000,5.2,1080,1920,8,32.0,12.0,16.0,1,5.017279836814924,3.0
150,40,3000,5.5,1080,1920,8,32.0,13.0,8.0,1,4.634728988229636,3.0
151,65,3300,5.7,720,1440,8,16.0,12.0,5.0,1,4.369321262176328,2.0
152,65,4000,5.99,1080,2160,8,32.0,12.0,5.0,1,4.657667754945845,3.0
153,25,2000,2.4,240,320,2,4.0,2.0,0.3,1,2.771963526845863,0.512
154,54,3300,5.7,1080,1920,8,32.0,13.0,13.0,1,4.784821514226167,4.0
155,40,3000,5.5,1080,1920,8,64.0,12.0,5.0,1,4.844108343200942,4.0
156,67,3000,5.0,1080,1920,8,32.0,13.0,8.0,1,4.288814252951703,4.0
157,65,5300,6.44,1080,1920,8,32.0,12.0,5.0,1,4.69125613490122,4.0
158,13,4060,5.5,1080,1920,8,64.0,13.0,8.0,1,4.69125613490122,6.0
159,44,3300,5.5,1080,1920,8,64.0,16.0,16.0,1,5.3518107389880365,6.0
160,5,5000,5.5,1080,1920,8,64.0,12.0,13.0,1,5.783794412625586,4.0
161,19,4000,5.7,1440,2560,8,128.0,12.0,8.0,1,5.356727774094459,6.0
162,37,3200,5.5,1080,1920,8,128.0,13.0,13.0,1,5.129839541574732,4.0
163,46,4000,6.0,1080,1920,8,64.0,16.0,16.0,1,5.129188403540065,4.0
164,57,3230,5.5,2160,3840,8,64.0,19.0,13.0,1,5.998936561946683,4.0
165,40,3000,5.2,1080,1920,8,16.0,12.0,5.0,1,4.881285622068407,3.0
166,5,5000,5.2,720,1280,8,32.0,13.0,8.0,1,5.19844178112078,3.0
167,54,3300,5.7,1080,1920,1,64.0,16.0,16.0,1,5.322961197460796,4.0
168,17,2500,5.2,1080,1920,8,64.0,16.0,16.0,1,5.231108616854587,4.0
169,17,3000,5.7,1440,2560,4,64.0,12.0,16.0,1,6.487653576620957,4.0
170,5,3300,5.7,1440,2560,4,128.0,23.0,8.0,1,6.398578295461671,8.0
171,65,3120,5.0,720,1280,4,16.0,13.0,5.0,1,4.442533602510535,2.0
172,65,4100,5.0,720,1280,8,16.0,13.0,5.0,1,4.69125613490122,2.0
173,42,3000,5.2,1080,1920,8,64.0,23.0,13.0,1,5.322961197460796,4.0
174,32,3500,5.0,1080,1920,4,32.0,13.0,8.0,1,4.934401988096667,3.0
175,29,3200,5.7,1440,2560,4,64.0,16.0,5.0,1,5.783794412625586,4.0
176,32,4000,5.0,1080,1920,8,32.0,13.0,8.0,1,4.634728988229636,3.0
177,57,2900,5.2,1080,1920,4,64.0,23.0,13.0,1,4.976664774525102,3.0
178,54,3300,5.5,1080,1920,8,16.0,13.0,8.0,1,5.262379259742407,3.0
179,40,3510,5.5,1080,1920,8,32.0,16.0,5.0,1,4.69024635834321,3.0
180,65,4100,5.5,1080,1920,8,32.0,13.0,5.0,1,4.794798317964484,2.0
181,65,4100,5.0,720,1280,8,32.0,13.0,5.0,1,4.574710978503383,3.0
182,40,2600,5.5,1440,2560,4,64.0,13.0,5.0,1,4.976664774525102,4.0
183,5,3000,5.5,1080,1920,8,64.0,16.0,8.0,1,5.19844178112078,4.0
184,56,3000,5.5,1080,1920,8,32.0,13.0,4.0,1,4.202899968776446,4.0
185,40,3000,5.5,1080,1920,8,16.0,16.0,5.0,1,4.2903224454635405,2.0
186,13,2800,5.5,1080,1920,8,64.0,13.0,5.0,1,4.63463189613771,4.0
187,65,4850,6.44,1080,1920,6,32.0,16.0,5.0,1,4.9759058135751575,3.0
188,32,4100,5.5,1080,1920,4,64.0,13.0,8.0,1,4.5107496103686,3.0
189,31,3000,5.5,1080,1920,8,32.0,16.0,8.0,1,4.442533602510535,3.0
190,31,3100,5.7,1440,2560,4,32.0,21.0,8.0,1,4.548388171889107,4.0
191,20,3000,5.2,1080,1920,8,32.0,12.0,8.0,1,6.175846479868856,3.0
192,3,1624,4.0,640,1136,1,16.0,12.0,1.2,1,5.322961197460796,2.0
193,29,2800,5.3,1440,2560,4,32.0,16.0,8.0,1,4.890273937425072,4.0
194,46,2500,5.0,720,1280,8,16.0,13.0,8.0,1,4.69125613490122,3.0
195,54,2900,5.2,1080,1920,8,16.0,13.0,5.0,1,5.484298884173478,2.0
196,65,4050,5.5,1080,1920,6,16.0,16.0,5.0,1,4.428313668625195,2.0
197,17,2150,5.0,1080,1920,8,32.0,13.0,4.0,1,5.893824154465294,3.0
198,8,3410,5.4,1440,2560,6,32.0,18.0,2.0,1,5.484755438853831,3.0
199,29,2700,5.2,1080,1920,6,16.0,12.3,5.0,1,5.745819730447258,2.0
200,3,1715,4.7,750,1334,2,16.0,12.0,5.0,1,5.623981404452646,2.0
201,32,4900,5.5,1080,1920,8,32.0,13.0,5.0,1,5.2626383740910185,2.0
202,32,2420,5.0,1080,1920,8,32.0,13.0,8.0,1,4.889446465305039,3.0
203,54,3000,5.7,1440,2560,8,32.0,16.0,5.0,1,5.379851269529299,4.0
204,54,3000,5.7,1440,2560,8,32.0,16.0,5.0,1,5.19844178112078,4.0
205,40,3630,5.5,1080,1920,8,16.0,21.0,5.0,1,4.573473099244837,2.0
206,40,2470,5.0,720,1280,4,8.0,13.0,5.0,1,4.890273937425072,1.0
207,19,3100,5.2,1080,1920,8,16.0,20.0,8.0,1,5.2626383740910185,3.0
208,5,3000,5.5,1080,1920,8,16.0,13.0,13.0,1,5.19844178112078,2.0
209,29,3000,5.5,1440,2560,6,32.0,16.0,8.0,1,5.078854533073399,3.0
210,65,3120,5.0,1080,1920,8,16.0,13.0,5.0,1,5.0561821090522265,2.0
211,32,2900,5.5,1080,1920,8,16.0,13.0,5.0,1,4.7957078975533864,2.0
212,40,3900,5.2,1440,2560,4,64.0,21.0,2.0,1,5.953217359924479,3.0
213,14,2700,5.2,1080,1920,8,16.0,13.0,8.0,1,5.2626383740910185,2.0
214,32,2900,5.0,1080,1920,8,32.0,16.0,8.0,1,4.775672165976704,3.0
215,54,2600,5.1,1440,2560,8,32.0,16.0,5.0,1,5.746171241147987,3.0
216,19,3600,5.5,1080,1920,8,32.0,8.0,8.0,1,5.765159754331105,3.0
217,17,2600,5.5,720,1280,8,16.0,13.0,8.0,1,5.726847747587197,2.0
218,17,2600,5.0,1080,1920,4,16.0,13.0,5.0,1,5.8377304471659395,2.0
219,40,3220,5.96,1440,2560,4,32.0,13.0,2.0,1,5.093013733362158,3.0
220,17,2400,5.2,1080,1920,4,16.0,13.0,13.0,1,4.889446465305039,2.0
221,8,3450,4.5,1440,1440,4,32.0,13.0,2.0,1,5.2626383740910185,3.0
222,3,2915,5.5,1080,1920,1,16.0,8.0,1.2,1,5.666392085437642,1.0
223,3,1810,4.7,750,1334,2,16.0,8.0,1.2,1,5.2626383740910185,1.0
224,40,2300,5.2,1080,1920,4,16.0,13.0,2.0,1,5.666392085437642,2.0
225,40,2070,5.0,720,1280,4,16.0,8.0,2.0,0,5.093750200806762,1.0
226,57,2600,4.6,720,1280,4,16.0,20.7,2.2,1,6.150346872168174,2.0
227,54,3220,5.7,1440,2560,4,32.0,16.0,3.7,1,5.81651574464344,3.0
228,54,3000,5.6,1600,2560,4,32.0,16.0,3.7,1,5.887214525734183,3.0
229,65,3080,5.0,1080,1920,4,16.0,13.0,8.0,0,4.573060132069858,3.0
230,32,4000,6.0,1440,2560,4,32.0,16.0,5.0,1,5.888850257118181,3.0
231,44,3100,5.5,1080,1920,4,16.0,13.0,5.0,1,5.5796920894251505,3.0
232,54,2800,5.1,1080,1920,8,16.0,16.0,2.0,1,6.013690705866148,2.0
233,57,3200,5.2,1080,1920,4,16.0,20.7,2.2,1,6.07046055333448,3.0
234,57,2300,4.3,720,1280,4,16.0,20.7,2.0,1,4.976664774525102,2.0
235,14,2500,5.5,1080,1920,4,16.0,16.0,8.0,1,3.8152918164683745,2.0
236,54,2600,5.2,720,1280,4,8.0,8.0,1.9,1,5.2626383740910185,1.0
237,40,2070,4.5,720,1280,4,8.0,5.0,1.3,0,4.7957078975533864,1.0
238,29,2300,4.95,1080,1920,4,16.0,8.0,1.3,1,4.976733742420574,2.0
239,41,3400,6.0,1080,1920,4,32.0,20.0,1.2,1,6.042347757422552,2.0
240,3,1507,4.0,640,1136,2,8.0,8.0,1.2,1,4.63463189613771,1.0
241,65,3050,5.0,1080,1920,4,16.0,13.0,2.0,0,5.129839541574732,2.0
242,54,3200,5.7,1080,1920,8,32.0,13.0,2.0,1,6.411489806547476,3.0
243,57,3000,5.0,1080,1920,1,16.0,20.7,2.0,1,6.524134829451435,2.0
244,29,3000,5.2,1080,1920,4,16.0,13.0,2.1,1,5.602081919829862,2.0
245,40,2200,4.7,720,1280,2,16.0,10.0,2.0,1,5.198497031265826,2.0
246,57,2330,5.0,1080,1920,4,16.0,13.1,2.2,1,5.96840060750943,2.0
247,54,2100,4.8,720,1280,4,16.0,8.0,1.9,1,4.2903224454635405,1.0
248,54,2600,5.0,1080,1920,8,16.0,13.0,2.0,1,6.54532092428936,2.0
249,41,2000,4.5,768,1280,2,32.0,8.7,1.3,0,4.69125613490122,1.0
250,46,4000,6.4,1080,2400,8,128.0,48.0,16.0,1,5.417344072969677,8.0
251,64,4500,6.38,1080,2340,8,128.0,48.0,32.0,1,5.412493906610308,8.0
252,40,4000,6.3,1080,2280,8,64.0,48.0,25.0,1,5.0561821090522265,4.0
253,40,4000,6.2,720,1520,8,64.0,13.0,8.0,1,4.69125613490122,4.0
254,64,5000,6.35,720,1544,8,32.0,13.0,8.0,1,4.69024635834321,3.0
255,65,5000,6.22,720,1520,8,32.0,12.0,8.0,1,4.369321262176328,2.0
256,46,5000,6.5,720,1600,8,128.0,48.0,16.0,1,5.18043432589132,4.0
257,54,4000,6.4,720,1520,8,32.0,13.0,8.0,1,4.63463189613771,3.0
258,22,5000,6.52,720,1600,8,64.0,13.0,8.0,0,4.574710978503383,4.0
259,65,4000,6.3,1080,2280,8,32.0,48.0,13.0,1,4.7125885827553615,3.0
260,65,5000,6.22,720,1520,8,64.0,12.0,8.0,1,4.574607880405451,4.0
261,53,4230,6.2,720,1520,8,32.0,13.0,13.0,1,4.442533602510535,3.0
262,22,4000,6.19,720,1500,8,64.0,13.0,13.0,1,4.794798317964484,4.0
263,19,4000,6.59,1080,2340,8,128.0,48.0,16.0,1,5.129839541574732,4.0
264,40,3500,6.3,1080,2520,8,128.0,12.0,12.0,1,4.7957078975533864,4.0
265,29,4000,6.26,720,1520,8,32.0,13.0,16.0,1,4.63463189613771,3.0
266,22,4000,6.19,720,1500,8,64.0,13.0,13.0,1,4.890273937425072,6.0
267,65,4000,5.45,720,1440,8,16.0,12.0,5.0,1,4.204543354520176,2.0
268,22,4000,6.21,720,1520,8,32.0,13.0,32.0,0,4.574607880405451,3.0
269,64,5000,6.35,720,1544,8,128.0,13.0,20.0,0,4.93361025091204,4.0
270,22,3500,6.21,720,1520,4,32.0,13.0,8.0,0,4.442533602510535,2.0
271,46,4000,6.1,720,1560,8,32.0,8.0,5.0,0,4.394942859940428,2.0
272,46,4230,6.2,1520,720,8,32.0,13.0,8.0,1,4.5666372362713075,2.0
273,65,4000,6.26,720,1520,8,32.0,12.0,32.0,1,4.574607880405451,3.0
274,53,4000,6.1,720,1560,8,16.0,13.0,5.0,1,4.2903224454635405,2.0
275,19,3400,6.21,1080,2340,8,128.0,24.0,32.0,1,4.890273937425072,4.0
276,64,4500,6.38,1080,2340,8,128.0,16.0,32.0,0,5.197114861038874,4.0
277,53,4230,6.2,720,1520,8,32.0,13.0,13.0,1,4.633563260489309,3.0
278,64,4000,6.53,1080,2340,8,64.0,12.0,32.0,1,5.197833827969714,6.0
279,65,3000,5.0,720,1280,4,8.0,8.0,5.0,1,4.007151350519723,1.0
280,36,3010,6.0,1080,2160,8,128.0,12.0,20.0,1,5.484298884173478,8.0
281,5,4000,6.26,720,1520,8,32.0,13.0,8.0,1,4.5107496103686,3.0
282,22,4000,5.93,1080,2160,8,64.0,16.0,16.0,0,5.2626383740910185,4.0
283,22,4000,6.2,720,1500,8,32.0,13.0,16.0,1,4.890273937425072,3.0
284,5,3000,5.45,720,1440,8,16.0,13.0,5.0,1,4.110709916308365,2.0
285,5,4000,5.45,720,1440,8,32.0,13.0,8.0,1,4.2903224454635405,3.0
286,32,3000,5.7,720,1440,8,32.0,13.0,13.0,0,4.273745190588392,3.0
287,41,3500,6.0,720,1440,8,32.0,13.0,8.0,1,4.421247347827163,3.0
288,19,4000,6.26,720,1520,8,32.0,13.0,8.0,1,4.574607880405451,4.0
289,47,3000,6.18,1080,2246,8,128.0,16.0,16.0,1,5.888850257118181,6.0
290,53,4230,6.2,720,1520,8,16.0,13.0,5.0,0,4.573473099244837,2.0
291,8,3000,4.5,1080,1620,8,64.0,13.0,8.0,1,5.623584199327089,4.0
292,53,4230,6.2,720,1520,8,32.0,13.0,8.0,1,4.679163865896418,3.0
293,22,4500,5.99,1080,2160,8,32.0,12.0,16.0,1,4.26549281841793,3.0
294,46,3500,6.3,1080,2340,8,64.0,16.0,25.0,1,5.37934420519041,6.0
295,46,3500,6.3,1080,2340,8,64.0,16.0,16.0,1,4.976250867234425,4.0
296,19,3000,5.84,1080,2280,8,32.0,13.0,16.0,1,4.5107496103686,3.0
297,20,3340,6.3,1080,2340,8,128.0,16.0,24.0,1,5.5796920894251505,4.0
298,20,3750,6.3,1080,2340,8,128.0,16.0,24.0,1,5.2626383740910185,6.0
299,65,4000,5.84,1080,2280,8,32.0,12.0,5.0,1,4.609958702719888,3.0
300,65,3000,5.45,720,1440,4,16.0,13.0,5.0,1,4.239742764911457,2.0
301,65,3080,5.99,720,1440,8,32.0,12.0,16.0,1,4.574607880405451,3.0
302,62,3750,6.0,720,1440,8,64.0,16.0,20.0,1,4.500254016038531,4.0
303,65,3000,5.45,720,1440,8,32.0,12.0,5.0,1,4.467745510076419,3.0
304,54,3500,6.0,720,1440,8,64.0,16.0,16.0,1,5.231055139488869,4.0
305,54,3000,5.6,720,1480,8,32.0,13.0,8.0,1,4.743888105299914,3.0
306,54,3500,6.0,1080,2220,8,64.0,16.0,24.0,0,5.2626383740910185,4.0
307,40,5000,6.0,720,1440,8,32.0,12.0,5.0,1,4.734354644368917,3.0
308,42,3800,6.0,1080,2160,8,128.0,24.0,8.0,1,5.701513235212158,8.0
309,21,4000,5.7,720,1440,8,64.0,13.0,13.0,1,4.573473099244837,4.0
310,24,3000,5.65,720,1440,4,16.0,13.0,13.0,1,4.632396172241683,3.0
311,20,3000,5.84,1080,2280,8,64.0,16.0,24.0,1,5.040841136153322,4.0
312,64,3260,6.3,1080,2280,8,64.0,16.0,24.0,1,5.1112646353781805,4.0
313,40,4000,5.7,720,1440,8,32.0,13.0,8.0,1,4.5807750291533695,3.0
314,19,3000,5.99,720,1440,8,32.0,13.0,8.0,1,4.549551762225079,3.0
315,40,3000,5.7,1080,2160,8,32.0,12.0,16.0,1,4.844108343200942,3.0
316,56,5000,5.2,720,1280,8,32.0,13.0,5.0,1,4.844187086458591,3.0
317,46,3180,5.7,720,1440,8,16.0,13.0,8.0,1,4.413888607822626,2.0
318,19,3000,5.65,1080,2160,8,32.0,13.0,13.0,1,4.683519152399068,3.0
319,0,3500,5.2,720,1280,4,16.0,13.0,5.0,1,4.110709916308365,2.0
320,21,4000,5.7,720,1440,4,16.0,13.0,8.0,1,4.421247347827163,2.0
321,54,3500,6.0,1080,2220,8,64.0,16.0,16.0,0,5.3171391207886245,6.0
322,14,3030,5.7,720,1440,8,32.0,13.0,16.0,1,4.341595188879544,4.0
323,64,3000,5.7,720,1440,8,32.0,16.0,24.0,1,5.129188403540065,4.0
324,65,3080,5.5,720,1280,8,16.0,13.0,16.0,1,4.633563260489309,2.0
325,65,3000,5.0,720,1280,4,16.0,13.0,5.0,1,4.4703808596394525,2.0
326,19,3340,5.93,1080,2160,8,32.0,16.0,8.0,1,5.034742369439489,4.0
327,19,3020,5.0,720,1280,8,32.0,13.0,5.0,1,4.63463189613771,3.0
328,14,5000,6.0,720,1440,8,64.0,13.0,8.0,1,4.679163865896418,4.0
329,64,3225,5.99,720,1440,8,64.0,16.0,24.0,1,4.889446465305039,4.0
330,5,3000,5.5,1080,1920,8,64.0,16.0,12.0,1,5.746171241147987,4.0
331,29,3000,5.5,1080,2160,8,32.0,13.0,5.0,1,4.685643570137968,3.0
332,46,3200,5.5,1080,1920,8,64.0,13.0,16.0,1,4.9759058135751575,4.0
333,56,3000,5.5,1080,1920,8,32.0,13.0,5.0,1,4.2903224454635405,4.0
334,64,3000,5.5,720,1280,8,64.0,13.0,20.0,1,5.055481181888091,4.0
335,37,4000,5.0,720,1280,4,16.0,8.0,5.0,1,4.204543354520176,2.0
336,30,3020,5.5,720,1280,8,32.0,13.0,8.0,1,4.976733742420574,4.0
337,42,3630,5.5,1080,1920,8,64.0,13.0,16.0,1,5.055481181888091,4.0
338,10,3800,4.7,720,1280,8,16.0,13.0,5.0,1,6.175846479868856,2.0
339,13,2500,5.0,720,1280,4,16.0,13.0,8.0,1,3.9604321446358335,3.0
340,14,4010,5.5,1080,1920,8,64.0,13.0,16.0,1,4.7957078975533864,4.0
341,57,2700,6.0,1080,1920,8,64.0,23.0,16.0,1,4.289500076996142,4.0
342,57,2900,5.2,1080,1920,4,32.0,19.0,13.0,1,5.888545493100141,4.0
343,14,4550,6.0,1080,1920,8,64.0,13.0,20.0,1,2.559550192783766,4.0
344,40,2800,5.0,1080,1920,8,16.0,13.0,5.0,1,4.1956970564823886,2.0
345,19,3000,5.2,1080,1920,8,64.0,12.0,8.0,1,5.194067345174237,4.0
346,64,3055,5.5,1080,1920,8,64.0,16.0,20.0,1,5.017279836814924,4.0
347,41,3000,5.5,1080,1920,8,16.0,16.0,8.0,1,4.477336814478207,2.0
348,54,3600,5.7,1080,1920,8,32.0,16.0,16.0,1,5.742361956623676,3.0
349,54,3000,5.2,1080,1920,8,32.0,16.0,16.0,1,5.433678334478489,3.0
350,13,2500,5.5,720,1080,8,32.0,13.0,5.0,1,4.69024635834321,3.0
351,46,2900,5.2,720,1280,8,32.0,13.0,16.0,1,4.976733742420574,3.0
352,64,3000,5.5,720,1280,8,32.0,13.0,20.0,1,5.295764109760319,4.0
353,5,4100,5.5,1080,1920,8,32.0,16.0,8.0,1,4.646216155424092,2.0
354,34,3200,5.5,1080,1920,8,32.0,16.0,8.0,1,4.369321262176328,3.0
355,21,3000,5.5,1080,1920,10,32.0,16.0,8.0,1,4.890273937425072,3.0
356,19,3340,5.5,1080,1920,8,32.0,12.0,8.0,1,5.129839541574732,3.0
357,23,3200,5.0,720,1280,1,16.0,13.0,5.0,1,4.204543354520176,3.0
358,32,5100,5.5,1080,1920,8,32.0,13.0,5.0,1,5.322961197460796,3.0
359,32,4000,5.5,1080,1920,8,32.0,16.0,8.0,1,4.679163865896418,3.0
360,14,3150,5.5,1080,1920,8,32.0,13.0,8.0,1,4.976733742420574,3.0
361,13,4000,5.5,1080,1920,8,32.0,13.0,8.0,1,5.028278729268851,3.0
362,46,3075,5.5,720,1280,8,32.0,13.0,16.0,1,5.262068233872916,3.0
363,8,2610,5.2,1080,1920,8,16.0,13.0,8.0,1,4.976664774525102,3.0
364,5,3000,5.5,1080,1920,8,32.0,13.0,8.0,1,4.204543354520176,4.0
365,32,4050,6.4,1080,1920,8,32.0,13.0,8.0,1,4.7957078975533864,3.0
366,67,4000,5.5,1080,1920,8,32.0,13.0,5.0,1,4.110709916308365,4.0
367,13,3000,5.5,1080,1920,8,16.0,13.0,5.0,1,4.330601752681694,3.0
368,31,3000,5.5,1080,1920,8,32.0,13.0,5.0,1,4.573473099244837,3.0
369,64,3000,5.5,1080,1920,8,32.0,13.0,8.0,1,5.3787446156606515,4.0
370,46,2850,5.5,1080,1920,8,64.0,13.0,16.0,1,5.37934420519041,4.0
371,21,2500,5.0,720,1280,4,16.0,8.0,8.0,1,4.794798317964484,3.0
372,32,2750,5.0,720,1280,8,16.0,13.0,5.0,1,4.2903224454635405,2.0
373,32,2750,5.0,1080,1920,8,16.0,13.0,5.0,1,4.574607880405451,2.0
374,66,4000,5.0,720,1280,4,8.0,8.0,5.0,1,4.110709916308365,2.0
375,29,2300,4.93,720,1280,4,16.0,13.0,8.0,1,4.573473099244837,2.0
376,13,2500,5.0,720,1280,4,16.0,13.0,5.0,1,4.110709916308365,3.0
377,32,3300,5.5,1080,1920,8,16.0,13.0,5.0,1,4.69024635834321,3.0
378,14,5020,6.0,1080,1920,8,64.0,13.0,5.0,1,5.662265794453267,3.0
379,23,2850,5.5,1080,1920,8,16.0,13.0,5.0,1,4.758406161886949,2.0
380,67,3000,5.2,1440,2560,8,32.0,21.0,8.0,1,5.888850257118181,4.0
381,21,2600,5.5,1080,1920,8,16.0,13.0,13.0,1,4.1089047135534305,2.0
382,14,4000,5.0,720,1280,4,32.0,8.0,5.0,1,4.5107496103686,3.0
383,14,3150,5.5,720,1280,8,32.0,13.0,5.0,1,5.262586556592238,3.0
384,40,2470,5.0,720,1280,8,16.0,13.0,5.0,1,5.322961197460796,2.0
385,37,2900,5.2,1080,1920,8,16.0,13.0,5.0,1,4.414009680526933,3.0
386,19,3000,5.5,1080,1920,8,16.0,13.0,5.0,1,4.497584975308154,2.0
387,13,3000,5.5,720,1280,8,16.0,13.0,5.0,1,4.744845168060573,3.0
388,17,2600,5.5,720,1280,8,16.0,13.0,4.0,1,4.442533602510535,2.0
389,67,2000,4.7,720,1280,4,8.0,8.0,2.0,1,4.048998460455224,1.0
390,57,2900,5.2,1080,1920,8,32.0,23.0,5.0,1,6.315339918176192,3.0
391,1,4000,5.5,720,1280,8,32.0,8.0,8.0,1,4.469121341524815,3.0
392,65,2200,4.7,720,1280,4,16.0,8.0,2.0,1,4.442533602510535,2.0
393,5,5000,5.5,720,1280,4,16.0,13.0,5.0,1,4.110709916308365,2.0
394,5,3000,5.5,1080,1920,4,64.0,13.0,5.0,1,5.322961197460796,4.0
395,14,5000,5.0,720,1280,4,16.0,8.0,5.0,1,3.9852734671677386,2.0
396,5,3000,5.5,720,1280,4,16.0,13.0,5.0,1,5.0561821090522265,2.0
397,40,3000,5.7,1440,2560,6,16.0,21.0,5.0,1,5.53334996225466,3.0
398,21,2900,5.5,1080,1920,4,16.0,13.0,8.0,1,4.564244019375446,3.0
399,66,3200,5.5,1080,1920,8,16.0,13.0,5.0,1,4.971409247595418,2.0
400,48,2300,5.0,1080,1920,8,16.0,13.0,5.0,1,3.685373314784649,2.0
401,13,2700,5.2,1080,1920,8,16.0,13.0,8.0,1,4.110709916308365,2.0
402,67,2230,5.0,720,1280,4,16.0,8.0,5.0,1,4.69125613490122,2.0
403,19,2550,5.0,720,1280,8,8.0,13.0,5.0,0,4.69125613490122,2.0
404,32,2300,5.0,720,1280,4,16.0,8.0,2.0,1,4.354012888218683,2.0
405,32,2900,5.5,720,1280,8,8.0,8.0,5.0,1,4.3943256902608985,2.0
406,40,2390,4.5,540,960,4,8.0,5.0,0.3,0,4.110709916308365,1.0
407,17,2000,4.7,540,960,8,8.0,8.0,2.0,0,4.6913478822291435,1.0
408,32,2300,5.0,720,1280,4,8.0,8.0,2.0,1,4.110873864173311,1.0
409,5,3000,5.5,1080,1920,4,64.0,13.0,5.0,1,5.2626383740910185,4.0
410,65,2200,4.7,720,1280,4,8.0,8.0,2.0,1,4.186467851097906,1.0
411,30,4000,5.0,720,1280,4,8.0,10.0,2.0,0,3.962525987601253,1.0
412,64,1900,4.5,480,854,4,4.0,5.0,2.0,0,4.375379591952088,0.512
413,37,2300,4.7,720,1280,8,16.0,13.0,13.0,0,5.122415161556265,2.0
414,19,3000,5.5,720,1280,4,8.0,13.0,5.0,1,4.7957078975533864,2.0
415,66,2800,5.5,720,1280,4,8.0,8.0,2.0,0,4.442415934686665,1.0
416,37,2000,5.0,720,1280,8,16.0,13.0,5.0,0,4.202899968776446,1.0
417,37,1700,4.5,480,854,4,4.0,5.0,2.4,0,4.06971028126374,1.0
418,27,1700,4.5,480,854,4,4.0,5.0,2.4,0,3.5776685247779345,1.0
419,58,1700,4.5,480,854,4,4.0,5.0,2.4,0,4.509539954972841,1.0
420,37,2500,5.0,720,1280,8,8.0,13.0,5.0,0,4.110709916308365,2.0
421,41,2200,5.0,720,1280,4,16.0,10.0,0.9,1,5.484755438853831,1.0
422,17,2600,5.5,720,1280,8,16.0,13.0,8.0,1,5.746171241147987,2.0
423,54,1860,4.7,720,1280,8,32.0,12.0,2.1,1,4.7957078975533864,2.0
424,66,1920,5.0,720,1280,8,16.0,8.0,2.0,0,4.204543354520176,2.0
425,58,2000,5.0,720,1280,4,4.0,8.0,2.0,0,4.110709916308365,1.0
426,65,2000,4.7,720,1280,4,8.0,8.0,1.6,0,4.2903224454635405,1.0
427,19,3000,5.0,1080,1920,8,16.0,13.0,5.0,1,5.19844178112078,3.0
428,46,2140,5.0,720,1280,4,16.0,13.0,0.0,1,4.794798317964484,2.0
429,66,2000,5.0,720,1280,4,8.0,8.0,2.0,0,5.10594547390058,1.0
430,47,2500,5.5,720,1280,8,8.0,13.0,2.0,0,4.9684234452869465,1.0
431,40,1980,4.3,540,960,2,4.0,5.0,0.0,0,4.110709916308365,1.0
432,46,2410,5.0,720,1280,4,16.0,8.0,5.0,0,4.95455864787585,1.0
433,66,2250,5.0,720,1280,4,8.0,8.0,2.0,0,5.101511415553109,1.0
434,37,2350,5.0,1080,1920,8,32.0,16.0,8.0,0,4.2903224454635405,2.0
435,17,2600,5.5,720,1280,4,8.0,13.0,5.0,1,5.798122487030562,1.0
436,41,1500,4.0,480,800,2,4.0,3.0,0.0,0,4.574607880405451,0.512
437,32,3000,4.7,540,960,4,8.0,8.0,0.3,0,4.399375273008495,1.0
438,14,2300,5.0,1080,1920,8,16.0,13.0,5.0,0,4.890273937425072,2.0
439,29,3200,5.9,1080,1920,4,16.0,13.0,2.1,1,6.2250533562837305,3.0
440,66,2000,5.0,720,1280,4,8.0,8.0,2.0,0,5.106672482293198,1.0
441,54,3100,5.5,720,1280,6,16.0,8.0,2.0,1,4.912654885736052,2.0
442,5,3300,6.0,720,1280,2,16.0,13.0,2.0,0,4.679256729340789,2.0
443,41,1010,3.0,240,320,1,0.064,5.0,0.0,0,3.76096753050819,0.064
444,41,2000,4.5,768,1280,2,32.0,41.0,1.2,1,4.889446465305039,2.0
445,58,2100,5.0,1080,1920,4,8.0,8.0,2.0,0,4.2903224454635405,1.0
446,14,2000,5.0,1080,1920,4,32.0,13.0,5.0,0,5.554508771908447,2.0
447,37,2000,5.0,720,1280,4,16.0,13.0,5.0,0,4.149306120296075,1.0
448,30,2000,5.0,720,1280,4,4.0,8.0,2.0,0,4.744845168060573,1.0
449,8,2180,3.1,720,720,2,8.0,5.0,2.0,1,4.8721392168423305,2.0
450,8,2100,3.1,720,720,1,16.0,8.0,2.0,1,4.785740209743239,2.0
451,32,4000,5.0,720,1280,4,4.0,8.0,0.3,0,5.225316473663546,1.0
452,57,1320,3.5,480,854,2,8.0,5.0,0.3,0,4.1089047135534305,0.512
453,57,2370,4.6,720,1280,2,8.0,8.0,0.3,1,5.5563646338701265,1.0
454,54,1350,2.6,240,320,1,0.16,3.2,0.3,0,4.214495163352562,0.384
455,54,2600,5.8,540,960,2,8.0,8.0,1.9,0,4.442533602510535,1.0
456,41,1300,3.8,480,800,2,8.0,5.0,0.3,0,4.110709916308365,0.512
457,41,1650,4.3,480,800,2,8.0,8.0,0.3,0,5.467722531408764,1.0
458,29,2100,4.7,768,1280,4,32.0,13.0,1.3,0,4.7957078975533864,2.0
459,17,1650,4.3,540,960,2,16.0,8.0,0.3,0,5.333008606337967,1.0
460,8,1800,4.2,768,1280,2,16.0,8.0,2.0,1,4.204692619390966,2.0
461,22,4000,6.5,720,1600,8,64.0,16.0,16.0,1,4.69125613490122,4.0
462,22,4000,6.6,720,1600,8,64.0,16.0,32.0,1,4.69125613490122,4.0
463,40,3000,6.1,720,1560,8,64.0,13.0,8.0,1,4.442533602510535,4.0
464,62,3500,6.2,720,1520,4,32.0,13.0,16.0,1,4.4331949212482815,2.0
465,41,3000,5.71,720,1520,8,32.0,13.0,8.0,0,4.574607880405451,3.0
466,41,4000,6.26,720,1520,4,16.0,13.0,5.0,0,4.397899983830172,2.0
467,54,3400,6.22,720,1520,8,16.0,13.0,5.0,1,4.442533602510535,2.0
468,37,4000,6.19,720,1500,8,32.0,13.0,16.0,1,4.338466519921502,3.0
469,13,4000,5.99,1080,2160,8,64.0,16.0,8.0,0,4.502029427068578,4.0
470,54,3300,6.0,720,1480,4,64.0,13.0,8.0,0,4.976664774525102,4.0
471,54,3300,6.0,720,1480,4,32.0,13.0,5.0,0,4.744845168060573,2.0
472,54,2600,5.0,540,960,4,8.0,8.0,5.0,1,4.3212144952771245,1.0
473,0,3200,5.45,720,1440,4,16.0,13.0,5.0,1,4.110709916308365,2.0
474,13,2500,5.47,720,1440,4,16.0,8.0,5.0,0,3.86702563949741,2.0
475,22,3050,5.45,720,1440,4,16.0,13.0,8.0,1,3.8916161956504833,2.0
476,22,4000,5.99,720,1440,4,32.0,13.0,5.0,1,4.69125613490122,3.0
477,74,4000,5.45,720,1440,4,16.0,13.0,8.0,1,4.110709916308365,2.0
478,19,3020,5.45,720,1440,4,16.0,13.0,5.0,0,4.2903224454635405,2.0
479,13,4070,5.5,1080,1920,8,32.0,13.0,8.0,1,4.442533602510535,4.0
480,47,3250,5.7,720,1440,4,16.0,13.0,8.0,1,4.2414706271123945,3.0
481,41,2150,4.5,480,854,4,8.0,5.0,2.0,1,4.044103345785354,1.0
482,62,3050,5.65,720,1440,4,32.0,13.0,13.0,1,4.278885875754368,3.0
483,74,3000,5.45,640,1280,4,16.0,13.0,8.0,1,3.948933359448243,2.0
484,54,3300,5.5,1080,1920,8,32.0,13.0,13.0,1,4.889446465305039,3.0
485,23,2800,5.2,720,1280,4,32.0,13.0,5.0,1,3.9394436010041383,3.0
486,28,4000,5.5,720,1280,4,32.0,13.0,8.0,1,4.428313668625195,3.0
487,21,4850,5.5,720,1280,8,32.0,13.0,5.0,1,4.177459468932607,3.0
488,43,3200,5.5,720,1280,4,32.0,8.0,5.0,1,3.9464244321454784,3.0
489,37,2900,5.7,720,1440,4,32.0,13.0,16.0,1,4.109068957620483,3.0
490,34,2800,4.5,480,854,4,8.0,5.0,2.0,1,3.76096753050819,1.0
491,47,4000,5.2,720,1280,8,32.0,13.0,8.0,1,4.6913478822291435,3.0
492,27,2300,5.0,720,1280,4,8.0,5.0,5.0,1,3.732657076459824,1.0
493,70,3000,5.0,720,1280,4,16.0,5.0,5.0,1,3.76096753050819,1.0
494,21,5000,5.2,720,1280,4,16.0,13.0,5.0,1,4.456554161659308,2.0
495,27,2900,5.5,720,1280,4,16.0,13.0,5.0,1,4.32280727501391,2.0
496,71,2680,5.0,1080,1920,8,32.0,13.0,13.0,1,4.497473610532717,3.0
497,23,4020,5.2,720,1280,4,32.0,13.0,5.0,1,3.8916161956504833,3.0
498,37,3050,5.0,720,1280,4,16.0,13.0,5.0,1,3.985087576285151,3.0
499,62,4000,5.5,1080,1920,8,32.0,13.0,16.0,1,4.687579322228809,4.0
500,30,2620,5.0,720,1280,4,16.0,8.0,5.0,1,4.682501528924415,2.0
501,64,3000,5.5,720,1280,8,32.0,13.0,16.0,1,4.890273937425072,3.0
502,71,3100,5.5,1080,1920,8,32.0,13.0,8.0,0,4.441238494305727,3.0
503,64,2730,5.2,1280,720,4,16.0,13.0,5.0,1,4.889446465305039,3.0
504,41,2630,5.0,720,1280,4,16.0,8.0,8.0,1,4.428433007488037,2.0
505,23,3000,5.0,720,1280,4,16.0,13.0,5.0,1,4.599152113662528,2.0
506,68,5000,5.5,1080,1920,8,32.0,13.0,8.0,1,5.017213609456379,4.0
507,47,2500,5.0,720,1280,4,16.0,13.0,5.0,1,4.627714150422986,3.0
508,13,3050,5.5,720,1080,4,16.0,8.0,8.0,1,4.0267792427263345,2.0
509,13,2500,5.5,720,1280,4,16.0,8.0,8.0,1,4.288814252951703,3.0
510,14,3130,5.5,1080,1920,8,32.0,13.0,8.0,1,4.574607880405451,4.0
511,47,1800,4.7,720,1280,4,16.0,8.0,5.0,1,4.090838422892813,2.0
512,64,2550,5.0,720,1280,8,32.0,13.0,8.0,1,5.197170184543078,3.0
513,37,2500,5.5,720,1280,4,8.0,8.0,5.0,0,3.884034968887977,1.0
514,21,2300,4.5,850,480,4,8.0,8.0,5.0,1,3.82602929226117,2.0
515,19,4000,5.0,720,1280,4,16.0,13.0,5.0,1,4.641212777335021,2.0
516,27,2600,5.0,720,1280,8,16.0,13.0,5.0,1,3.8916161956504833,2.0
517,34,3500,5.5,1080,1920,8,32.0,13.0,5.0,1,5.0561821090522265,3.0
518,45,2300,5.0,720,1280,1,8.0,8.0,5.0,1,4.183880527532955,1.0
519,17,3000,5.5,1080,1920,8,32.0,13.0,5.0,1,5.183130956738919,3.0
520,23,2300,5.0,720,1280,4,16.0,13.0,5.0,1,4.442533602510535,3.0
521,30,2500,5.0,720,1280,4,16.0,13.0,8.0,1,5.078916801512661,2.0
522,14,2400,5.0,720,1280,4,16.0,8.0,5.0,1,4.8154311114712876,2.0
523,37,2500,5.0,720,1280,8,16.0,13.0,5.0,1,4.070564033556697,2.0
524,64,2720,5.5,720,1280,8,16.0,13.0,5.0,1,5.056245805348308,2.0
525,37,2000,5.0,480,854,4,8.0,5.0,5.0,0,4.442533602510535,1.0
526,47,3500,5.5,720,1280,8,16.0,13.0,8.0,1,4.007333185232471,2.0
527,27,2200,5.0,720,1280,4,16.0,8.0,5.0,0,3.610647605844363,2.0
528,21,2230,5.0,720,1280,4,8.0,8.0,2.0,1,4.574607880405451,1.0
529,37,2500,5.0,720,1280,8,8.0,13.0,2.0,0,4.32267464022361,1.0
530,30,2650,5.5,720,1280,4,32.0,8.0,5.0,0,3.8916161956504833,2.0
531,37,3000,6.0,540,960,4,8.0,8.0,2.0,0,4.74493212836325,1.0
532,57,2930,5.2,1080,1920,8,32.0,20.7,5.0,1,6.040207091095972,3.0
533,29,3000,5.7,720,1280,4,16.0,13.0,5.0,1,4.2903224454635405,1.0
534,23,1400,4.0,480,800,4,8.0,8.0,2.0,0,3.7612001156935624,1.0
535,37,2000,4.7,480,800,4,8.0,8.0,2.0,0,3.8916161956504833,1.0
536,37,2000,4.7,540,960,4,8.0,8.0,2.0,0,4.2903224454635405,1.0
537,38,2200,5.0,720,1280,4,8.0,8.0,5.0,0,4.442651256490317,1.0
538,17,2840,5.2,1440,2560,8,16.0,20.0,4.0,1,4.890349128221754,2.0
539,23,1700,4.7,720,1280,4,16.0,8.0,5.0,0,4.51085950651685,2.0
540,27,1900,5.0,720,1280,8,8.0,8.0,8.0,0,4.549657476057832,1.0
541,8,2800,5.0,720,1280,2,16.0,8.0,2.0,1,4.470495282661489,2.0
542,5,2100,4.5,480,854,2,8.0,5.0,0.3,0,4.204543354520176,1.0
543,30,2500,5.0,720,1280,8,8.0,8.0,3.0,0,4.634728988229636,1.0
544,14,1950,5.0,480,854,4,8.0,5.0,2.0,0,3.927896354584436,1.0
545,27,1800,4.7,720,1280,4,8.0,8.0,5.0,0,4.442651256490317,1.0
546,37,3000,5.0,720,1280,4,8.0,8.0,2.0,0,4.222297926532561,1.0
547,8,2515,3.5,720,720,2,16.0,8.0,2.0,0,5.122713197501606,2.0
548,23,4000,5.0,480,854,8,8.0,8.0,2.0,0,4.007333185232471,1.0
549,14,5000,5.0,720,1280,4,8.0,8.0,2.0,0,3.7584055167625467,1.0
550,19,2000,5.0,720,1280,4,16.0,8.0,2.0,0,4.2903224454635405,1.0
551,14,2050,4.8,720,1280,8,16.0,8.0,5.0,0,4.204543354520176,1.0
552,17,2600,5.5,720,1280,4,8.0,13.0,5.0,0,5.5792768932389905,1.0
553,32,2300,5.0,1080,1920,8,32.0,13.0,5.0,1,5.3518107389880365,2.0
554,68,2400,5.0,720,1280,4,4.0,13.0,5.0,0,3.732657076459824,1.0
555,66,2100,5.0,720,1280,8,16.0,13.0,5.0,0,4.271932711876808,2.0
556,29,3000,5.5,540,960,4,8.0,13.0,1.3,0,4.843241757886537,1.0
557,73,1900,5.0,540,960,8,8.0,8.0,2.0,0,3.6735119769828146,1.0
558,17,2000,5.0,720,1280,8,4.0,8.0,2.0,0,4.574607880405451,1.0
559,29,2540,5.0,720,1280,4,8.0,8.0,1.3,1,4.2903224454635405,1.0
560,66,1800,4.7,720,1280,4,8.0,8.0,2.0,0,4.006241680667128,1.0
561,57,2500,5.3,720,1280,4,8.0,8.0,1.1,1,5.4066335100314955,1.0
562,37,2000,4.7,480,800,4,4.0,5.0,2.0,0,4.69125613490122,1.0
563,30,1800,4.5,480,854,4,4.0,8.0,2.0,0,3.797285327957723,1.0
564,8,2500,5.0,540,960,2,8.0,5.0,1.1,0,5.43372200355424,1.0
565,30,2000,4.7,540,960,4,4.0,8.0,0.3,0,4.118711918670395,1.0
566,29,2540,4.7,540,960,4,8.0,8.0,0.3,0,3.7035217308508064,1.0
567,27,2000,5.0,1080,1920,8,16.0,16.0,8.0,0,5.016816153171337,2.0
568,32,4000,5.3,720,1280,4,16.0,8.0,1.5,0,5.4204464997811,2.0
569,37,1800,4.69,720,1280,4,4.0,8.0,5.0,0,4.368688070234701,1.0
570,23,2300,6.0,720,1280,8,16.0,13.0,5.0,0,5.31231888618385,2.0
571,66,4000,5.7,1080,1920,4,16.0,13.0,5.0,0,5.387518012006339,2.0
572,14,1700,4.3,480,800,4,4.0,5.0,0.3,0,4.510089979737821,0.512
573,41,1430,4.0,480,800,2,8.0,5.0,0.0,0,4.51085950651685,1.0
574,66,2600,5.5,720,1280,4,8.0,13.0,2.0,0,5.167126090855689,1.0
575,37,2000,5.0,1080,1920,4,16.0,13.0,5.0,0,5.351289251314142,2.0
576,41,3400,6.0,720,1280,2,8.0,5.0,0.3,1,4.791815714262101,1.0
577,29,3140,5.5,540,960,2,8.0,8.0,1.3,0,4.273745190588392,1.0
578,8,2880,5.0,720,1280,2,16.0,8.0,2.0,1,4.611152257665639,2.0
579,17,1800,4.3,480,800,4,4.0,8.0,1.6,0,5.43372200355424,1.0
580,41,2000,4.7,480,800,2,8.0,5.0,0.3,1,4.110709916308365,0.512
581,66,2000,4.7,720,1280,4,4.0,8.0,2.0,0,5.1407274459732655,1.0
582,14,1800,4.7,720,1280,4,16.0,8.0,2.0,0,4.369321262176328,1.0
583,54,2330,4.3,560,960,2,8.0,16.0,1.9,1,5.262068233872916,1.0
584,17,1860,4.5,540,960,4,8.0,8.0,1.6,0,5.602118820879701,1.0
585,54,1200,2.8,240,320,1,3.0,2.0,0.0,0,3.670715483486265,0.289
586,54,2100,5.0,480,800,2,8.0,8.0,2.0,0,4.69125613490122,1.0
587,41,1200,3.0,240,320,1,0.128,3.2,0.0,0,4.110709916308365,0.064
588,41,1300,3.7,480,800,1,8.0,5.0,0.0,0,4.1089047135534305,0.256
589,41,1430,4.0,480,800,2,8.0,5.0,0.0,0,3.8543938925915096,0.512
590,29,1540,3.2,240,320,1,4.0,3.0,0.0,0,3.218475744846861,0.512
591,8,1450,2.44,240,320,1,0.512,2.0,0.0,0,4.442533602510535,0.512
592,13,4000,6.22,720,1520,8,64.0,13.0,16.0,0,4.442533602510535,4.0
593,74,3000,5.86,720,1520,4,16.0,13.0,5.0,1,4.007151350519723,2.0
594,39,3000,5.5,1080,1920,8,32.0,13.0,13.0,1,4.149306120296075,3.0
595,12,2900,6.0,1080,2160,4,32.0,13.0,8.0,1,4.338597076746545,3.0
596,23,1400,4.0,480,800,4,8.0,2.0,0.3,1,3.4682327829983137,1.0
597,27,1400,4.0,480,800,4,8.0,2.0,0.3,1,3.6888794541139363,1.0
598,63,2000,5.0,720,1280,4,16.0,13.0,5.0,1,3.8916161956504833,2.0
599,74,3000,5.0,720,1280,4,16.0,8.0,5.0,1,3.76096753050819,2.0
600,74,3000,5.0,720,1280,4,8.0,5.0,5.0,1,4.110709916308365,1.0
601,5,2650,5.0,720,1280,4,16.0,13.0,5.0,1,4.028738805124107,2.0
602,23,2100,5.0,720,1280,4,8.0,8.0,5.0,1,4.290459441148391,1.0
603,2,2000,5.0,480,854,1,8.0,8.0,5.0,1,3.610647605844363,1.0
604,52,2600,5.5,540,960,4,8.0,10.0,5.0,0,3.508256453955563,1.0
605,27,2250,5.0,720,1280,4,16.0,8.0,5.0,1,4.65195834748685,2.0
606,21,2000,4.5,480,854,4,8.0,5.0,5.0,0,3.6735119769828146,1.0
607,17,2000,5.0,720,1280,8,16.0,13.0,5.0,1,4.204543354520176,2.0
608,23,3000,5.0,720,1280,4,16.0,13.0,5.0,1,3.9950765605634317,2.0
609,17,2000,4.5,480,854,4,4.0,5.0,0.3,0,3.508256453955563,0.512
610,66,2000,5.0,480,854,4,4.0,5.0,0.3,0,4.744845168060573,1.0
611,8,1450,2.8,360,480,1,0.512,5.0,0.0,0,4.51085950651685,0.512
612,69,2900,5.5,480,854,4,16.0,5.0,3.2,0,3.7035217308508064,2.0
613,54,4500,6.7,1440,3200,8,128.0,12.0,10.0,1,6.790085986856713,8.0
614,54,5000,6.9,1440,3200,8,128.0,108.0,40.0,1,7.018392846477649,12.0
615,65,5000,6.22,720,1520,8,32.0,13.0,8.0,1,4.369321262176328,2.0
616,30,4120,6.1,600,1280,4,16.0,8.0,5.0,1,4.07668962698338,1.0
617,54,3300,6.7,1080,2636,8,256.0,12.0,10.0,0,7.650111583554629,8.0
618,54,4000,6.2,1440,3200,8,128.0,12.0,10.0,1,6.690829854981157,8.0
619,30,3200,5.7,720,1520,8,32.0,13.0,5.0,0,4.338466519921502,2.0
620,41,4000,6.2,720,1520,4,32.0,13.0,5.0,1,4.463491407656154,2.0
621,62,6000,6.35,720,1548,8,64.0,13.0,13.0,1,4.63463189613771,4.0
622,64,5000,6.53,1080,2340,8,128.0,16.0,16.0,1,5.129188403540065,4.0
623,30,2500,5.0,480,854,4,16.0,5.0,2.0,0,3.866816412590067,1.0
624,62,4000,6.55,720,1600,8,64.0,16.0,8.0,1,4.791815714262101,4.0
625,37,3950,6.09,720,1560,8,16.0,13.0,5.0,1,4.398514952178684,2.0
626,15,3700,6.3,1440,3040,8,64.0,16.0,8.0,1,6.915525016246498,6.0
627,15,2800,5.7,1080,2280,8,64.0,16.0,8.0,1,6.727431724850855,6.0
628,32,4050,6.22,720,1520,8,64.0,13.0,16.0,1,4.890273937425072,4.0
629,54,4500,6.7,1080,2400,8,128.0,64.0,32.0,0,5.746171241147987,6.0
630,3,3046,5.8,1125,2436,6,64.0,12.0,12.0,1,7.0594457922225695,4.0
631,54,4000,6.5,720,1560,8,32.0,13.0,8.0,1,4.890273937425072,3.0
632,46,4000,6.53,1080,2340,8,128.0,48.0,16.0,0,5.528635121610247,8.0
633,54,4000,6.4,720,1560,8,64.0,25.0,16.0,1,5.128477587256138,4.0
634,30,3500,6.22,720,1520,8,32.0,13.0,8.0,0,4.586904377181199,3.0
635,17,3300,6.22,720,1520,8,32.0,12.0,8.0,1,4.574607880405451,3.0
636,54,4000,6.2,720,1520,8,32.0,13.0,8.0,1,4.63463189613771,2.0
637,20,4500,6.53,1176,2400,8,128.0,40.0,32.0,1,6.833667306628418,8.0
638,54,3500,6.3,1080,2280,8,256.0,12.0,10.0,1,6.734579769295833,8.0
639,62,3500,6.4,1080,2340,8,128.0,16.0,32.0,1,5.0561821090522265,6.0
640,29,4050,6.22,720,1520,8,64.0,13.0,16.0,1,5.015689168398935,4.0
641,64,5000,6.35,720,1544,8,64.0,8.0,8.0,1,4.750135956238277,3.0
642,24,2400,5.45,720,1440,8,16.0,8.0,5.0,0,3.996364153861897,2.0
643,20,4000,6.59,1080,2340,8,128.0,16.0,16.0,1,5.161351511474879,4.0
644,54,3700,6.7,1080,2400,8,128.0,48.0,0.0,1,6.07046055333448,8.0
645,46,3765,6.4,1080,2340,8,128.0,48.0,16.0,1,5.783455883378043,8.0
646,54,2600,5.0,540,960,8,16.0,5.0,5.0,1,4.166355098198373,1.0
647,54,4000,6.4,720,1560,8,32.0,13.0,8.0,0,4.785823685681349,3.0
648,64,4030,6.22,720,1520,8,16.0,13.0,5.0,1,4.413888607822626,2.0
649,47,4000,5.5,1080,1920,8,64.0,13.0,8.0,1,4.367674128449481,4.0
650,30,2250,4.0,400,800,4,8.0,2.0,2.0,1,3.76096753050819,1.0
651,54,4380,7.3,1536,2152,8,512.0,16.0,10.0,1,7.591351998730232,12.0
652,14,3000,5.45,720,1440,4,16.0,13.0,5.0,0,4.004784485509457,2.0
653,62,3050,5.5,720,1440,4,32.0,13.0,8.0,1,4.273745190588392,3.0
654,62,3050,5.5,720,1440,4,32.0,13.0,8.0,1,4.149306120296075,2.0
655,13,3000,5.71,720,1520,8,32.0,8.0,5.0,0,4.039360253889341,3.0
656,64,4030,6.22,720,1520,8,32.0,13.0,8.0,1,4.616999937741668,2.0
657,24,2400,5.45,480,960,4,8.0,5.0,2.0,1,3.8288587641673772,1.0
658,46,3400,6.28,1080,2280,8,128.0,20.0,20.0,1,5.150918839543312,6.0
659,0,5000,6.18,1080,2246,8,64.0,16.0,12.0,1,4.574607880405451,4.0
660,66,3000,5.45,720,1440,4,16.0,8.0,5.0,1,3.8916161956504833,1.0
661,37,4000,6.19,720,1500,8,32.0,13.0,8.0,1,4.273745190588392,2.0
662,61,2100,4.95,480,960,4,16.0,5.0,5.0,1,3.8390221125436557,1.0
663,61,2500,5.0,480,854,8,8.0,5.0,5.0,1,3.7328963395307104,1.0
664,36,3300,5.7,720,1440,8,32.0,13.0,8.0,1,4.69125613490122,3.0
665,36,3000,5.45,720,1440,4,16.0,13.0,8.0,1,3.772071045000701,2.0
666,40,5000,6.2,720,1520,8,32.0,12.0,8.0,1,4.878550473729012,3.0
667,40,3000,6.2,1080,2270,8,64.0,12.0,8.0,1,4.687026632457924,4.0
668,24,4000,5.45,480,960,4,8.0,5.0,2.0,1,3.88936831486334,1.0
669,64,4030,6.22,720,1520,8,64.0,13.0,20.0,0,4.844108343200942,4.0
670,30,3000,5.7,720,1440,4,16.0,13.0,13.0,1,4.442533602510535,2.0
671,64,4030,6.2,720,1580,8,64.0,13.0,8.0,0,4.79081953287472,3.0
672,37,5000,5.45,720,1440,4,16.0,5.0,5.0,1,4.049870072120271,1.0
673,37,2000,5.0,480,854,4,8.0,5.0,2.0,1,3.6425737012374246,1.0
674,47,4000,6.19,720,1500,8,64.0,13.0,8.0,1,4.633563260489309,4.0
675,47,4000,6.19,720,1500,8,32.0,13.0,8.0,1,4.441238494305727,3.0
676,47,3000,5.7,720,1440,4,32.0,13.0,5.0,1,4.69125613490122,3.0
677,51,4000,5.72,1440,2560,8,64.0,12.0,8.0,1,6.4935722802542495,8.0
678,74,2800,5.67,720,1498,4,16.0,13.0,5.0,1,4.00514898341763,2.0
679,47,3000,6.18,1080,2246,8,64.0,16.0,16.0,1,4.680184889793537,4.0
680,23,2400,5.0,720,1280,4,16.0,8.0,8.0,1,4.442533602510535,2.0
681,74,2000,4.95,480,960,4,8.0,5.0,5.0,1,3.610647605844363,1.0
682,64,3315,6.3,1080,2340,8,64.0,16.0,25.0,1,5.146039931102459,6.0
683,40,3000,5.9,720,1440,8,64.0,13.0,8.0,0,4.743888105299914,4.0
684,17,3600,6.0,1080,2160,8,64.0,16.0,13.0,0,5.055481181888091,4.0
685,67,4000,5.45,720,1440,4,16.0,13.0,5.0,1,3.8916161956504833,2.0
686,18,3300,5.5,720,1440,8,32.0,16.0,8.0,1,4.078892457663179,3.0
687,18,3500,5.5,720,1440,8,32.0,13.0,8.0,1,4.091005660956586,3.0
688,18,3000,5.5,640,1280,8,16.0,13.0,8.0,1,3.8284239815518326,2.0
689,30,2500,5.0,720,1080,4,16.0,5.0,5.0,0,4.088996955895506,1.0
690,24,2400,5.0,480,960,4,16.0,5.0,2.0,1,3.9740583963475986,2.0
691,24,2700,5.45,720,1440,4,8.0,5.0,5.0,1,4.110709916308365,1.0
692,54,3700,6.28,1880,2220,8,64.0,16.0,24.0,0,5.523858042461968,6.0
693,64,3260,6.22,720,1520,8,64.0,13.0,8.0,0,5.126342101808226,4.0
694,62,3050,5.5,720,1440,4,16.0,13.0,13.0,1,4.273745190588392,2.0
695,62,3050,5.5,720,1440,4,16.0,13.0,8.0,1,4.028738805124107,2.0
696,46,3500,6.4,1080,2280,8,128.0,16.0,25.0,0,5.37934420519041,8.0
697,36,3010,6.0,1080,2160,8,64.0,12.0,20.0,1,5.45907474542615,6.0
698,8,4000,5.99,1080,2160,8,64.0,13.0,16.0,0,5.129839541574732,4.0
699,54,3500,6.0,720,1480,8,64.0,16.0,16.0,1,5.484298884173478,4.0
700,62,4000,6.0,720,1440,4,32.0,13.0,13.0,1,4.69024635834321,3.0
701,64,3285,6.0,720,1440,4,16.0,8.0,5.0,0,4.51085950651685,2.0
702,2,4000,6.2,720,1500,8,32.0,12.0,8.0,0,5.0561821090522265,3.0
703,23,3000,5.34,480,960,4,8.0,5.0,5.0,1,3.76096753050819,1.0
704,23,2000,4.95,480,960,4,8.0,5.0,2.0,1,3.7471483622379123,1.0
705,46,4230,6.2,720,1520,8,16.0,13.0,8.0,0,4.504244267398131,2.0
706,46,4230,6.2,720,1520,8,32.0,13.0,8.0,1,4.69024635834321,4.0
707,64,3225,6.0,720,1440,8,32.0,16.0,24.0,0,4.573989068504517,4.0
708,54,3000,5.6,720,1480,8,64.0,13.0,8.0,1,5.357529226179882,4.0
709,2,2000,5.0,480,960,4,8.0,5.0,2.0,1,3.76096753050819,1.0
710,64,3260,6.22,720,1520,8,32.0,13.0,5.0,1,4.774744169959543,3.0
711,47,2400,5.0,720,1280,4,16.0,5.0,5.0,1,3.866816412590067,1.0
712,33,3000,5.7,720,1440,4,16.0,13.0,5.0,0,4.562262684976814,2.0
713,12,2500,5.0,720,1440,4,16.0,8.0,5.0,1,4.369321262176328,1.0
714,74,2800,5.0,480,854,4,8.0,5.0,5.0,1,3.610647605844363,1.0
715,29,3300,6.2,1080,2160,8,64.0,16.0,5.0,0,5.322961197460796,4.0
716,29,3300,6.2,1080,2160,8,32.0,16.0,5.0,0,5.19844178112078,3.0
717,32,4000,5.45,720,1440,4,16.0,13.0,8.0,1,4.168214410788556,2.0
718,41,2990,5.2,720,1440,8,16.0,13.0,8.0,0,4.289500076996142,2.0
719,4,2800,5.0,720,1280,4,16.0,13.0,5.0,0,4.028738805124107,1.0
720,64,3260,6.22,720,1520,8,32.0,13.0,8.0,1,4.834613849850781,4.0
721,8,3500,4.5,1080,1620,8,64.0,12.0,8.0,1,5.48450643486848,4.0
722,39,3000,5.0,720,1280,4,16.0,8.0,13.0,1,3.9613844349658702,2.0
723,37,2000,4.5,480,854,4,8.0,5.0,5.0,1,3.8388069430968867,1.0
724,74,4000,5.45,720,1440,4,32.0,13.0,8.0,1,3.962525987601253,3.0
725,29,3000,5.5,1080,2160,8,64.0,16.0,5.0,0,4.964172419685915,4.0
726,29,3000,5.5,1080,2160,8,32.0,13.0,8.0,0,4.677490847567717,3.0
727,17,3500,6.0,1440,2880,8,64.0,12.0,8.0,1,6.80337206338877,6.0
728,41,3060,5.8,1080,2280,8,32.0,16.0,16.0,1,4.442533602510535,4.0
729,28,4000,5.99,720,1440,4,32.0,13.0,13.0,0,3.9804290380922063,3.0
730,54,3000,5.5,720,1280,4,16.0,13.0,5.0,1,4.431887653844806,2.0
731,27,2900,5.2,720,1280,4,16.0,8.0,8.0,0,4.442533602510535,2.0
732,23,2800,5.2,720,1280,4,32.0,13.0,5.0,1,4.110709916308365,3.0
733,47,2300,5.0,720,1280,4,16.0,8.0,5.0,0,3.8088822465086327,1.0
734,29,3000,6.1,1440,3120,8,64.0,16.0,8.0,0,6.070714633047582,4.0
735,54,3000,5.6,720,1480,8,32.0,16.0,16.0,0,5.0561821090522265,4.0
736,54,2600,5.0,540,960,4,16.0,8.0,5.0,1,4.413888607822626,2.0
737,64,2500,5.0,540,960,4,16.0,8.0,5.0,1,4.537640529194492,2.0
738,64,3260,6.3,1080,2280,8,32.0,16.0,16.0,1,4.69024635834321,4.0
739,40,4000,5.7,720,1440,4,16.0,13.0,5.0,1,4.5685062016165,2.0
740,64,3360,6.0,720,1440,4,16.0,13.0,5.0,1,4.634728988229636,3.0
741,13,2500,5.0,720,1280,4,16.0,8.0,5.0,0,4.0267792427263345,2.0
742,54,3000,5.5,720,1280,8,32.0,13.0,8.0,0,4.857328702370825,4.0
743,19,3000,5.7,720,1440,8,32.0,13.0,8.0,1,4.442533602510535,2.0
744,30,3000,5.7,720,1440,4,16.0,13.0,8.0,0,4.574607880405451,2.0
745,46,3180,5.7,720,1440,8,16.0,13.0,8.0,1,4.743888105299914,2.0
746,29,2500,5.0,720,1280,4,16.0,8.0,5.0,1,4.338466519921502,2.0
747,54,3300,5.5,1080,1920,8,32.0,13.0,13.0,1,4.844187086458591,3.0
748,23,2500,5.0,720,1280,4,16.0,8.0,5.0,0,3.8916161956504833,2.0
749,24,2400,5.45,720,1440,4,16.0,8.0,8.0,1,3.8645120227570944,2.0
750,24,2400,5.45,480,960,4,8.0,5.0,5.0,1,4.384523514872469,1.0
751,40,3200,5.93,1080,2160,8,64.0,12.0,8.0,1,5.048573133436648,4.0
752,30,2000,4.5,480,854,4,8.0,5.0,5.0,1,4.016022595446631,1.0
753,57,3180,5.7,1080,2160,8,64.0,19.0,5.0,1,6.545062262717842,4.0
754,41,1500,2.45,240,320,2,4.0,2.0,0.0,1,3.610647605844363,0.512
755,2,3000,6.0,1080,2160,4,32.0,16.0,8.0,1,4.890273937425072,3.0
756,2,3000,5.7,720,1440,4,32.0,13.0,5.0,1,4.7957078975533864,3.0
757,10,4500,5.2,1080,1920,8,64.0,16.0,8.0,0,6.704169226883458,4.0
758,27,4000,5.5,720,1280,4,16.0,13.0,8.0,1,4.602265972840701,2.0
759,11,2700,5.0,720,1280,4,32.0,16.0,8.0,1,4.477223171657469,3.0
760,12,3900,5.0,720,1280,4,16.0,8.0,5.0,1,4.2903224454635405,1.0
761,12,3050,5.0,720,1280,4,32.0,13.0,8.0,1,4.186467851097906,2.0
762,70,2500,5.0,720,1280,4,16.0,8.0,8.0,0,3.7884985191426486,1.0
763,23,2200,5.0,720,1280,4,8.0,5.0,2.0,0,3.8413859258287055,1.0
764,47,2200,5.0,720,1280,4,16.0,8.0,5.0,1,4.007151350519723,1.0
765,21,2400,5.0,720,1280,4,8.0,5.0,5.0,0,3.866816412590067,1.0
766,46,3000,5.2,720,1280,8,16.0,13.0,5.0,1,4.574607880405451,3.0
767,64,2500,5.0,540,960,4,16.0,8.0,5.0,1,4.633563260489309,2.0
768,70,2350,5.0,480,854,4,16.0,5.0,2.0,1,3.8413859258287055,1.0
769,17,3930,6.0,1080,2160,8,64.0,12.0,5.0,1,5.484755438853831,4.0
770,27,3000,5.5,1080,1920,4,32.0,13.0,13.0,1,4.070564033556697,3.0
771,74,3000,5.45,640,1280,4,32.0,13.0,8.0,1,4.110709916308365,3.0
772,57,3300,5.5,720,1280,4,32.0,13.0,8.0,1,6.780603493321654,3.0
773,57,3580,6.0,1080,1920,8,32.0,23.0,16.0,1,6.792310756870291,4.0
774,37,5000,5.2,720,1280,4,16.0,8.0,5.0,0,4.0007662152625345,2.0
775,14,3100,5.2,720,1280,4,32.0,13.0,16.0,1,4.337029268743146,4.0
776,70,2600,5.0,720,1280,4,8.0,8.0,5.0,1,3.6735119769828146,1.0
777,11,1800,4.0,480,800,4,4.0,3.2,2.0,1,3.610647605844363,0.512
778,27,2200,5.0,480,854,4,16.0,8.0,5.0,1,3.9373008126124147,1.0
779,24,1700,4.0,480,800,4,8.0,2.0,0.3,1,3.8284239815518326,1.0
780,26,2300,4.0,480,800,4,8.0,5.0,2.0,1,3.4531571205928664,1.0
781,47,2500,5.0,720,1280,4,32.0,13.0,5.0,1,4.202899968776446,3.0
782,23,4000,5.0,720,1280,4,32.0,13.0,8.0,1,4.403665809777363,3.0
783,37,1600,4.0,480,800,4,8.0,5.0,2.0,1,3.3700506526653187,1.0
784,37,3000,5.7,720,1440,8,64.0,20.0,16.0,1,4.442533602510535,4.0
785,28,2600,5.0,720,1280,4,32.0,13.0,5.0,1,3.8916161956504833,3.0
786,37,5000,5.2,720,1280,4,16.0,5.0,5.0,1,4.068684815441523,1.0
787,23,2400,5.0,720,1280,4,16.0,8.0,8.0,1,4.167285186623816,2.0
788,14,2670,5.45,720,1440,8,16.0,8.0,5.0,1,3.8916161956504833,2.0
789,47,2500,5.0,720,1280,4,16.0,8.0,5.0,1,4.573473099244837,1.0
790,22,4350,5.98,1080,1920,8,64.0,12.0,16.0,1,5.0561821090522265,6.0
791,23,2500,5.0,720,1280,4,16.0,8.0,5.0,1,4.104954741334116,2.0
792,23,2700,5.2,480,854,4,8.0,8.0,5.0,1,4.006241680667128,1.0
793,27,2300,5.0,480,854,4,8.0,2.0,2.0,1,3.610647605844363,1.0
794,27,2300,5.0,480,854,4,8.0,5.0,2.0,1,3.8416005411316,1.0
795,27,1500,4.0,480,800,4,8.0,3.2,2.0,1,3.414442608412176,1.0
796,6,3500,5.5,1080,1920,8,32.0,13.0,8.0,1,4.088996955895506,3.0
797,69,2300,5.0,480,854,4,8.0,5.0,2.0,1,3.8916161956504833,1.0
798,47,2500,5.0,720,1280,4,16.0,13.0,5.0,1,4.69024635834321,2.0
799,24,2700,5.0,480,854,4,16.0,8.0,5.0,1,4.091005660956586,1.0
800,47,5000,5.2,720,1280,4,32.0,13.0,5.0,1,4.279717015849312,3.0
801,65,3080,5.5,720,1280,4,16.0,13.0,5.0,1,4.2903224454635405,2.0
802,20,4000,5.5,720,1290,4,32.0,12.0,8.0,1,5.197833827969714,3.0
803,27,2300,5.0,480,854,4,8.0,5.0,8.0,1,3.6983346128846915,1.0
804,11,1500,4.0,480,800,4,8.0,3.2,2.0,1,3.6735119769828146,1.0
805,57,2620,5.2,720,1280,8,32.0,13.0,8.0,1,4.74493212836325,3.0
806,57,2620,5.2,720,1280,8,16.0,13.0,8.0,1,4.794798317964484,2.0
807,27,4000,5.0,720,1280,4,16.0,13.0,8.0,1,4.509539954972841,2.0
808,37,1300,4.0,480,800,4,4.0,2.0,0.3,1,3.3530570063342204,0.512
809,41,4100,5.0,720,1280,4,8.0,8.0,5.0,1,4.442533602510535,1.0
810,33,2000,5.0,720,1280,4,16.0,8.0,5.0,1,3.8844462376579116,2.0
811,66,2500,5.0,720,1280,4,8.0,5.0,8.0,1,4.2903224454635405,1.0
812,66,3000,5.0,720,1280,4,16.0,8.0,13.0,1,4.5107496103686,2.0
813,66,3000,5.0,720,1280,4,16.0,13.0,13.0,1,4.63463189613771,3.0
814,54,2000,4.7,540,960,4,8.0,5.0,2.0,1,4.290459441148391,1.0
815,59,2500,5.0,720,1280,4,32.0,13.0,8.0,1,3.985087576285151,3.0
816,8,4000,5.5,1080,1920,8,32.0,12.0,8.0,1,5.888850257118181,4.0
817,30,2750,5.2,720,1280,4,32.0,8.0,8.0,1,4.7957078975533864,3.0
818,30,2500,5.0,720,1280,4,16.0,8.0,5.0,1,4.055257173514054,3.0
819,30,2500,5.0,720,1280,4,16.0,8.0,5.0,1,4.164336934042136,2.0
820,12,4000,5.0,720,1280,4,16.0,8.0,8.0,1,3.9394436010041383,2.0
821,29,2500,5.0,480,854,4,16.0,8.0,5.0,1,3.967457712316247,2.0
822,70,2200,5.0,480,854,4,16.0,5.0,2.0,1,3.8413859258287055,2.0
823,47,3000,5.0,720,1280,4,16.0,8.0,5.0,1,4.239742764911457,2.0
824,0,4000,5.5,1080,1920,8,32.0,13.0,16.0,1,4.442533602510535,3.0
825,27,2300,5.2,480,854,4,8.0,8.0,5.0,1,3.7584055167625467,1.0
826,23,2400,5.0,240,854,4,8.0,5.0,5.0,1,3.8645120227570944,1.0
827,24,2700,5.0,720,1280,4,16.0,8.0,8.0,1,4.188441885601216,3.0
828,23,2300,5.0,480,854,4,8.0,5.0,5.0,1,3.7035217308508064,1.0
829,23,1750,4.0,480,800,4,8.0,5.0,2.0,1,3.594568774642695,1.0
830,14,4000,5.2,720,1280,4,16.0,13.0,16.0,1,4.239742764911457,3.0
831,37,2500,5.0,720,1280,4,8.0,5.0,5.0,1,3.7556030861568446,1.0
832,37,2000,4.5,480,854,1,8.0,5.0,5.0,1,3.70080802497921,1.0
833,47,5000,5.5,1080,1920,8,32.0,13.0,13.0,1,4.442533602510535,3.0
834,47,4000,5.0,720,1280,4,32.0,13.0,5.0,1,4.272351267864781,3.0
835,67,3930,5.5,1080,1920,8,64.0,16.0,8.0,1,5.129839541574732,4.0
836,23,2800,5.5,720,1280,4,16.0,8.0,5.0,1,4.070564033556697,2.0
837,21,3000,5.2,720,1280,8,64.0,13.0,8.0,1,4.322011202263895,4.0
838,0,4000,5.5,1080,1920,8,16.0,13.0,5.0,1,4.110709916308365,2.0
839,32,4000,5.2,720,1280,8,32.0,13.0,8.0,1,4.448282430450947,3.0
840,47,2210,5.0,480,854,4,16.0,8.0,5.0,1,4.385146762010125,1.0
841,46,3000,5.2,720,1280,8,16.0,13.0,5.0,1,4.633563260489309,2.0
842,74,3000,5.2,720,1280,4,32.0,13.0,8.0,1,4.100989104940769,3.0
843,74,3000,5.2,720,1280,4,16.0,8.0,8.0,1,3.8390221125436557,2.0
844,2,4000,5.5,1080,1920,8,32.0,16.0,8.0,1,4.69125613490122,3.0
845,10,4000,4.7,720,1280,4,16.0,8.0,2.0,0,5.819726783853672,2.0
846,10,5000,5.0,1080,1920,8,32.0,13.0,8.0,0,6.293197442782422,3.0
847,57,3430,5.5,1080,1920,8,32.0,23.0,8.0,1,5.262068233872916,3.0
848,23,2800,5.5,720,1280,4,16.0,8.0,5.0,1,3.9830404926634264,2.0
849,26,3000,5.5,720,1280,4,16.0,13.0,5.0,1,4.361696368200631,2.0
850,26,2400,5.0,480,854,4,16.0,8.0,5.0,1,4.149306120296075,1.0
851,26,2500,5.0,480,854,4,8.0,8.0,5.0,1,3.7884985191426486,1.0
852,26,2300,4.0,480,800,4,8.0,5.0,2.0,1,3.433664571799657,1.0
853,26,1800,4.0,480,800,4,4.0,5.0,2.0,1,3.4716558453107167,0.512
854,23,2500,5.0,480,854,4,16.0,5.0,5.0,0,4.110709916308365,1.0
855,64,3000,5.5,720,1280,8,32.0,13.0,16.0,1,4.74493212836325,3.0
856,74,2000,4.5,480,854,4,16.0,8.0,5.0,1,3.5779478934066544,2.0
857,59,2500,4.0,480,854,4,4.0,5.0,2.0,1,3.433664571799657,0.512
858,36,4000,5.5,1080,1920,8,16.0,12.0,16.0,1,5.1298987149230735,3.0
859,43,2000,5.0,720,1280,4,16.0,8.0,5.0,1,4.5107496103686,2.0
860,43,2000,5.0,720,1280,4,32.0,8.0,5.0,1,3.8916161956504833,2.0
861,2,2200,5.0,720,1280,4,16.0,13.0,8.0,0,4.369321262176328,2.0
862,35,2400,5.0,480,854,4,8.0,5.0,2.0,1,3.879499813722586,1.0
863,14,3000,5.0,720,1280,4,16.0,8.0,8.0,1,4.106602459617603,2.0
864,12,2700,5.0,720,1280,4,32.0,8.0,5.0,1,4.109889773557563,1.0
865,12,2700,5.2,720,1280,4,32.0,13.0,8.0,1,4.204543354520176,2.0
866,12,5000,5.2,720,1280,4,32.0,13.0,8.0,1,4.65386510752685,3.0
867,37,3000,5.5,1080,1920,8,32.0,13.0,5.0,1,4.007151350519723,3.0
868,5,3300,5.5,1080,1920,1,64.0,12.0,8.0,1,4.369321262176328,4.0
869,59,2500,5.0,480,854,4,8.0,8.0,5.0,1,3.76096753050819,1.0
870,47,2200,5.0,720,1280,4,16.0,8.0,5.0,1,4.1089047135534305,1.0
871,5,3000,5.5,720,1280,8,64.0,16.0,20.0,1,4.442415934686665,4.0
872,24,5000,5.0,480,854,4,8.0,5.0,2.0,0,3.861992071822581,1.0
873,47,4000,5.2,720,1280,8,16.0,13.0,8.0,1,4.279717015849312,3.0
874,14,4000,5.3,720,1280,8,32.0,13.0,20.0,1,4.110709916308365,3.0
875,27,2300,4.0,480,800,4,8.0,2.0,0.3,0,3.527830032595521,1.0
876,59,3000,5.0,720,1280,4,16.0,8.0,5.0,1,3.7884985191426486,2.0
877,28,3000,5.2,720,1280,4,32.0,13.0,13.0,1,3.8916161956504833,3.0
878,13,2500,5.0,720,1280,4,16.0,8.0,5.0,1,4.0310497118497866,2.0
879,27,3300,6.0,720,1280,4,16.0,8.0,5.0,1,4.273745190588392,2.0
880,22,4000,5.5,720,1280,4,16.0,13.0,5.0,1,4.5107496103686,3.0
881,22,4300,5.7,1080,1920,4,32.0,13.0,8.0,1,4.69125613490122,3.0
882,37,3000,5.2,720,1280,4,32.0,13.0,8.0,1,4.090001812787964,3.0
883,36,3000,5.2,1080,1920,8,64.0,12.0,16.0,0,5.820082930352362,4.0
884,67,2500,5.0,720,1280,4,16.0,13.0,5.0,1,4.007151350519723,2.0
885,34,2000,4.5,480,854,4,8.0,5.0,2.0,1,3.786006164844659,1.0
886,54,3000,5.5,720,1280,8,16.0,13.0,5.0,1,4.889446465305039,2.0
887,23,4000,5.0,720,1280,4,16.0,8.0,8.0,0,4.193888192558362,2.0
888,74,3000,5.0,720,1280,4,16.0,8.0,5.0,1,3.70080802497921,2.0
889,74,2000,4.5,480,854,4,8.0,5.0,5.0,1,3.7471483622379123,1.0
890,23,2000,5.0,480,854,4,8.0,5.0,2.0,1,3.9158158036668422,1.0
891,37,2500,5.0,720,1280,4,16.0,8.0,5.0,1,3.8128654338949275,2.0
892,23,3000,5.5,720,1280,1,16.0,8.0,5.0,1,4.0868162958013095,2.0
893,5,3000,5.5,1080,1920,4,32.0,16.0,12.0,1,4.361696368200631,4.0
894,66,2500,5.0,720,1280,4,16.0,8.0,5.0,1,4.426760966014053,2.0
895,29,3000,5.5,1080,2160,8,64.0,13.0,5.0,1,4.7957078975533864,4.0
896,23,2450,5.0,720,1280,4,16.0,8.0,5.0,1,3.8869103046130706,2.0
897,42,3000,5.5,720,1280,8,32.0,13.0,5.0,1,4.69125613490122,3.0
898,54,3300,5.7,1080,1920,8,32.0,13.0,13.0,1,4.89447593955597,4.0
899,54,3600,5.5,1080,1920,8,64.0,13.0,13.0,1,5.3171391207886245,3.0
900,34,2800,5.5,1080,1920,8,16.0,13.0,5.0,1,4.1089047135534305,3.0
901,47,4000,5.5,720,1280,4,16.0,13.0,5.0,1,4.262257252536892,3.0
902,70,2500,5.0,480,854,4,8.0,5.0,5.0,1,3.76096753050819,1.0
903,30,2000,4.5,480,800,4,8.0,5.0,5.0,1,4.091005660956586,1.0
904,27,4000,5.0,720,1280,4,8.0,5.0,5.0,1,3.732657076459824,1.0
905,24,2000,4.5,480,854,4,8.0,5.0,2.0,1,3.856933039110186,1.0
906,24,2400,5.0,480,854,4,16.0,5.0,5.0,1,4.3703335360828355,2.0
907,40,4000,5.0,720,1280,4,16.0,8.0,2.0,1,4.3212144952771245,2.0
908,54,1050,4.5,480,800,4,8.0,5.0,5.0,1,4.068684815441523,1.0
909,47,4000,5.0,720,1280,4,16.0,8.0,2.0,1,4.369321262176328,2.0
910,47,4000,5.0,720,1280,4,16.0,13.0,5.0,1,4.574607880405451,3.0
911,27,2150,5.0,720,1280,4,8.0,8.0,5.0,1,4.342635907068963,1.0
912,23,2100,5.0,720,1280,4,16.0,13.0,5.0,1,4.509539954972841,2.0
913,5,3000,5.5,720,1280,4,16.0,13.0,5.0,1,4.308380094505583,2.0
914,70,4000,5.0,720,1280,4,8.0,5.0,5.0,1,3.985087576285151,1.0
915,69,2000,5.0,480,854,4,8.0,5.0,2.0,1,3.610647605844363,0.768
916,23,1750,4.0,480,800,4,8.0,5.0,2.0,1,4.034240638152395,1.0
917,71,2100,5.0,480,854,4,16.0,5.0,2.0,1,3.7297814454343623,1.0
918,63,2450,5.0,480,854,4,16.0,8.0,5.0,1,3.610647605844363,2.0
919,69,2500,5.0,720,1280,4,16.0,5.0,5.0,1,4.222297926532561,1.0
920,40,5000,5.5,720,1280,4,32.0,13.0,5.0,1,4.7957078975533864,3.0
921,70,3000,5.0,480,854,4,16.0,5.0,5.0,1,3.76096753050819,1.0
922,71,1450,4.0,480,800,4,16.0,0.0,0.0,0,4.088661779086602,1.0
923,19,2100,4.5,480,854,4,8.0,5.0,2.0,1,4.204543354520176,1.0
924,62,4000,5.5,720,1280,4,32.0,13.0,8.0,1,4.4124345908452645,3.0
925,62,3050,5.0,720,1280,4,16.0,8.0,8.0,1,4.795129169911258,3.0
926,62,4000,5.5,720,1280,4,16.0,13.0,8.0,1,4.388878109622984,2.0
927,62,3050,5.0,720,1280,4,16.0,8.0,8.0,1,4.462453883786496,2.0
928,63,3000,5.0,480,854,4,8.0,5.0,2.0,1,4.222297926532561,1.0
929,40,2350,5.0,480,854,4,8.0,5.0,2.0,0,4.204543354520176,1.0
930,40,2800,5.0,720,1280,4,16.0,8.0,5.0,1,4.63463189613771,2.0
931,37,4000,5.5,1080,1920,8,32.0,13.0,5.0,1,4.102973888920155,3.0
932,71,2500,5.5,720,1280,4,16.0,8.0,5.0,0,3.8869103046130706,3.0
933,33,2000,5.0,480,854,4,8.0,5.0,2.0,1,3.917209532115446,1.0
934,70,2450,5.0,480,854,4,8.0,5.0,2.0,1,3.8152918164683745,1.0
935,23,2200,5.0,720,1280,4,16.0,8.0,8.0,1,4.3067641501733345,2.0
936,55,2000,4.5,480,854,4,8.0,5.0,3.2,1,3.86702563949741,1.0
937,37,1300,4.0,480,800,4,4.0,2.0,0.3,1,3.377928754722801,0.512
938,59,2000,4.0,480,800,4,4.0,5.0,1.3,1,3.218475744846861,0.512
939,24,2400,5.0,480,854,4,8.0,5.0,2.0,1,4.086984207815808,1.0
940,47,4000,5.5,720,1280,4,32.0,13.0,5.0,1,4.278885875754368,3.0
941,47,3000,5.2,1080,1920,8,32.0,16.0,8.0,1,4.934401988096667,4.0
942,23,1450,4.0,480,800,4,4.0,5.0,1.3,1,3.875773872753025,0.512
943,37,1800,4.5,480,854,4,8.0,5.0,2.0,0,4.110709916308365,1.0
944,69,2000,5.0,720,1280,4,8.0,5.0,2.0,1,4.068684815441523,1.0
945,42,5000,5.5,1080,1920,8,64.0,13.0,16.0,1,4.696746129475301,4.0
946,42,3000,5.5,720,1280,8,64.0,13.0,16.0,1,4.464988155388229,3.0
947,27,2000,5.0,480,854,4,8.0,5.0,2.0,1,4.234396317669857,1.0
948,23,2600,5.0,480,854,4,8.0,5.0,2.0,1,3.8916161956504833,1.0
949,32,2000,4.5,480,854,4,8.0,5.0,2.0,0,4.361823927356363,1.0
950,31,4070,5.5,1080,1920,4,32.0,16.0,8.0,1,4.889446465305039,4.0
951,74,3000,5.0,1440,2560,4,8.0,5.0,5.0,1,3.86702563949741,1.0
952,59,2500,5.0,720,1280,4,32.0,13.0,8.0,1,3.9852734671677386,3.0
953,23,2000,5.0,480,854,4,8.0,5.0,2.0,1,3.8128654338949275,1.0
954,42,3000,5.5,720,1280,4,16.0,8.0,5.0,1,4.2903224454635405,2.0
955,68,2800,5.0,720,1280,8,16.0,13.0,5.0,0,4.14946386144318,2.0
956,2,2800,5.2,720,1280,8,16.0,13.0,5.0,1,5.200208273437718,3.0
957,57,2300,5.0,720,1280,8,32.0,23.0,8.0,1,4.573989068504517,3.0
958,59,2500,5.0,720,1280,4,16.0,8.0,5.0,1,4.2903224454635405,2.0
959,41,3000,5.2,720,1280,8,16.0,13.0,8.0,1,4.69125613490122,2.0
960,59,1800,4.0,480,854,4,16.0,5.0,1.3,1,3.5049566159530077,1.0
961,5,2600,5.0,720,1280,4,16.0,13.0,5.0,1,4.110709916308365,2.0
962,23,2000,5.0,480,854,4,8.0,5.0,2.0,1,3.9852734671677386,1.0
963,23,1500,4.0,360,640,4,4.0,2.0,0.3,1,3.914819092730147,0.512
964,23,2000,4.7,720,1280,4,8.0,5.0,5.0,1,3.903990833730882,1.0
965,59,4000,5.5,720,1280,4,16.0,8.0,5.0,1,4.007151350519723,2.0
966,30,2500,5.0,720,1280,4,8.0,8.0,5.0,1,4.222297926532561,2.0
967,23,2500,5.0,720,1280,4,8.0,8.0,5.0,1,4.32267464022361,1.0
968,37,2000,5.0,720,1280,1,8.0,5.0,2.0,0,4.007151350519723,1.0
969,37,4000,5.0,720,1280,1,8.0,8.0,2.0,1,3.8916161956504833,1.0
970,54,2600,5.0,540,960,1,8.0,8.0,5.0,0,4.288814252951703,1.0
971,59,2500,5.0,480,854,4,8.0,5.0,2.0,0,3.610647605844363,1.0
972,66,2500,5.0,720,1280,4,16.0,8.0,5.0,1,4.306629370201435,2.0
973,34,3000,5.5,720,1280,8,16.0,13.0,5.0,1,4.442651256490317,2.0
974,34,3000,5.2,1080,1920,8,32.0,16.0,5.0,1,4.523851664810503,3.0
975,27,2800,5.5,720,1280,4,8.0,5.0,3.2,1,4.273884476054178,1.0
976,34,2250,5.0,720,1280,4,16.0,8.0,5.0,1,4.306629370201435,2.0
977,29,3200,5.7,720,1280,8,16.0,13.0,8.0,1,4.442533602510535,3.0
978,29,2500,5.0,720,1280,4,16.0,13.0,5.0,1,4.504244267398131,2.0
979,72,3100,5.5,1080,1920,4,64.0,13.0,8.0,1,5.859332175397166,4.0
980,69,2700,5.5,720,1280,4,8.0,8.0,5.0,1,3.866816412590067,1.0
981,30,1850,4.5,480,800,4,8.0,5.0,5.0,0,4.222297926532561,1.0
982,59,3000,5.5,1080,1920,8,32.0,13.0,8.0,1,5.0561821090522265,4.0
983,47,2600,5.3,720,1280,4,16.0,13.0,5.0,1,4.574710978503383,2.0
984,59,2000,4.0,480,800,4,8.0,5.0,1.3,1,3.8916161956504833,1.0
985,14,2300,5.0,720,1280,4,16.0,8.0,5.0,0,4.5107496103686,2.0
986,37,1800,4.5,480,854,4,8.0,5.0,2.0,1,4.100989104940769,1.0
987,37,1600,4.0,480,800,4,8.0,5.0,2.0,1,4.007151350519723,1.0
988,36,4000,5.5,1080,1920,8,16.0,13.0,5.0,1,4.202899968776446,3.0
989,34,2800,5.5,1080,1920,8,16.0,13.0,5.0,1,4.213607983048918,2.0
990,30,2800,5.5,720,1280,4,32.0,8.0,5.0,1,4.110709916308365,2.0
991,36,3400,5.7,1440,2560,8,64.0,12.0,5.0,1,5.8057371971791945,4.0
992,47,3000,5.5,720,1280,8,32.0,13.0,5.0,1,5.129188403540065,3.0
993,17,3200,5.5,1440,2560,8,32.0,16.0,8.0,1,4.8993312245375815,3.0
994,34,2250,5.0,720,1280,4,8.0,8.0,5.0,1,4.1301942151157975,1.0
995,47,2000,5.0,720,1280,4,16.0,8.0,2.0,1,4.442415934686665,1.0
996,71,2300,5.5,720,1280,4,16.0,8.0,5.0,1,4.0285608216760975,2.0
997,40,3050,5.5,1080,1920,8,32.0,16.0,8.0,1,4.5107496103686,3.0
998,34,2000,4.5,480,854,4,8.0,8.0,5.0,1,3.76096753050819,1.0
999,20,4000,5.9,1080,1920,8,64.0,20.0,8.0,1,6.475124502801203,4.0
1000,23,4350,5.0,720,1280,4,8.0,0.0,0.0,0,3.76096753050819,1.0
1001,69,2900,5.5,480,854,4,8.0,5.0,3.2,0,3.8258113086090804,1.0
1002,59,2500,5.0,480,854,4,8.0,5.0,2.0,1,4.110709916308365,1.0
1003,54,3300,5.5,1080,1920,8,16.0,13.0,8.0,1,4.9082333604781745,3.0
1004,66,2350,5.0,720,1280,4,8.0,5.0,5.0,0,3.9158158036668422,1.0
1005,71,2100,5.0,720,1280,4,16.0,8.0,5.0,1,3.9602415776986204,2.0
1006,23,3650,5.5,720,1280,4,16.0,8.0,5.0,1,4.409884962802278,2.0
1007,23,1650,4.5,480,854,4,8.0,5.0,0.3,0,3.508256453955563,1.0
1008,23,2500,5.0,720,1280,4,8.0,5.0,5.0,1,4.191924890560965,1.0
1009,23,2800,5.5,720,1280,4,8.0,5.0,5.0,1,4.265352359115782,1.0
1010,23,2450,5.0,480,854,4,8.0,5.0,5.0,0,3.8916161956504833,1.0
1011,19,3000,5.2,1080,1920,8,16.0,13.0,8.0,1,5.30524332661877,2.0
1012,19,3100,5.5,720,1280,8,16.0,13.0,8.0,0,4.2903224454635405,2.0
1013,8,3000,5.5,1440,2560,4,32.0,21.0,8.0,1,5.322961197460796,4.0
1014,65,4850,6.44,1080,1920,6,128.0,16.0,5.0,1,5.484755438853831,4.0
1015,34,4000,5.0,720,1820,4,16.0,8.0,2.0,1,4.369194655858504,2.0
1016,34,1800,4.0,480,800,4,8.0,5.0,0.3,1,3.783052624131186,1.0
1017,69,2900,5.5,854,480,4,8.0,5.0,2.0,0,3.610647605844363,1.0
1018,23,2800,5.0,480,854,4,16.0,5.0,2.0,1,4.28206816830505,2.0
1019,64,2730,5.2,1280,720,8,16.0,8.0,5.0,0,4.839451481712757,2.0
1020,15,2770,5.0,1080,1920,4,32.0,12.3,8.0,1,5.593186053314175,4.0
1021,27,2300,5.0,480,854,1,4.0,3.2,0.3,0,3.8916161956504833,0.512
1022,23,2000,4.5,480,854,1,8.0,5.0,2.0,0,4.014218517742816,1.0
1023,14,3100,5.5,720,1080,8,32.0,13.0,5.0,0,4.2903224454635405,3.0
1024,13,4010,5.5,1080,1920,8,32.0,13.0,8.0,1,4.980863135762585,4.0
1025,30,2350,5.0,480,854,4,8.0,5.0,5.0,1,4.204692619390966,1.0
1026,54,3300,5.5,1080,1920,8,16.0,13.0,5.0,1,4.574607880405451,3.0
1027,37,2000,5.0,720,1280,4,16.0,8.0,5.0,1,3.962525987601253,2.0
1028,47,2000,5.0,720,1280,4,8.0,8.0,2.0,1,4.441238494305727,1.0
1029,30,1850,5.0,480,854,2,4.0,5.0,0.3,0,3.3530570063342204,0.512
1030,30,2600,5.5,720,1280,4,8.0,8.0,5.0,1,4.354141431184346,1.0
1031,37,1400,4.0,480,800,4,8.0,5.0,0.3,0,3.672241812960913,1.0
1032,17,2700,5.5,720,1280,4,32.0,13.0,5.0,1,5.262690188904886,2.0
1033,54,2400,5.0,720,1280,4,16.0,13.0,5.0,1,5.017213609456379,2.0
1034,63,3000,5.0,720,1280,4,32.0,13.0,5.0,1,4.605170185988092,3.0
1035,71,2300,5.5,720,1280,4,16.0,8.0,2.0,0,3.970291913552122,1.0
1036,32,2900,5.5,720,1280,4,16.0,8.0,2.0,1,4.441238494305727,2.0
1037,32,2300,5.0,720,1280,4,16.0,8.0,2.0,1,4.484131857611035,2.0
1038,32,2300,5.0,720,1280,4,16.0,8.0,2.0,1,4.504244267398131,1.0
1039,69,2000,4.5,480,854,4,8.0,5.0,1.3,0,3.5435646229490776,0.512
1040,54,1950,3.8,480,800,4,16.0,8.0,5.0,1,5.32242444189127,2.0
1041,66,2500,5.0,1280,720,4,8.0,8.0,5.0,1,4.139795825126018,1.0
1042,23,2200,5.0,480,854,4,8.0,5.0,2.0,0,3.610647605844363,2.0
1043,23,2000,4.5,480,854,4,8.0,5.0,0.3,1,3.5085558999826545,1.0
1044,34,2300,5.0,720,1280,8,16.0,13.0,5.0,1,3.9064072666425105,3.0
1045,64,2000,4.5,480,854,4,16.0,5.0,2.0,1,4.456670177669648,1.0
1046,23,2200,5.0,720,1280,6,16.0,5.0,5.0,0,3.962525987601253,2.0
1047,21,2600,5.5,1280,720,4,16.0,13.0,8.0,1,4.369321262176328,3.0
1048,54,1500,4.0,480,800,4,8.0,5.0,0.3,1,3.7884985191426486,1.0
1049,67,3000,5.2,1080,1920,4,16.0,13.0,5.0,1,4.442651256490317,3.0
1050,67,2000,4.7,720,1280,4,8.0,8.0,2.0,1,4.32267464022361,2.0
1051,11,2000,5.0,480,854,4,8.0,5.0,3.2,0,3.8916161956504833,1.0
1052,23,1400,4.0,480,800,4,4.0,2.0,0.3,1,3.88936831486334,0.512
1053,23,2000,4.0,480,800,4,4.0,5.0,0.3,0,4.110709916308365,0.512
1054,34,2250,5.0,720,1280,4,16.0,8.0,5.0,1,4.5107496103686,2.0
1055,34,1750,4.0,480,800,4,8.0,5.0,2.0,1,3.433664571799657,1.0
1056,23,3400,5.5,720,1280,4,16.0,13.0,5.0,1,4.442533602510535,2.0
1057,5,2070,4.5,480,854,4,8.0,8.0,2.0,1,4.007151350519723,1.0
1058,34,2000,4.5,480,854,4,8.0,8.0,5.0,1,3.451256581534892,1.0
1059,34,2920,5.5,720,1280,4,16.0,8.0,2.0,1,4.110709916308365,2.0
1060,37,2500,5.0,720,1280,4,16.0,8.0,5.0,1,4.574504771677206,2.0
1061,59,3000,5.0,720,1280,4,16.0,13.0,5.0,0,3.607669398688393,2.0
1062,30,4000,5.0,720,1280,4,8.0,8.0,2.0,1,4.32267464022361,1.0
1063,34,2850,6.0,720,1280,4,16.0,8.0,2.0,1,4.109889773557563,2.0
1064,23,2800,5.0,480,854,1,8.0,5.0,2.0,1,4.028916756899646,1.0
1065,32,3500,5.5,1080,1920,8,32.0,13.0,8.0,1,4.573473099244837,3.0
1066,47,2450,5.0,720,1280,4,32.0,8.0,5.0,1,4.222297926532561,3.0
1067,47,2400,4.0,800,480,4,8.0,2.0,0.3,0,3.3061538329752613,0.512
1068,23,2200,5.0,1280,720,4,16.0,8.0,5.0,0,4.369321262176328,2.0
1069,34,2600,5.0,720,1280,8,16.0,13.0,5.0,1,4.562262684976814,3.0
1070,27,2000,5.0,1280,720,4,8.0,8.0,3.2,0,3.6975913947159578,1.0
1071,54,2600,5.0,720,1280,4,16.0,8.0,5.0,1,4.84229553482272,2.0
1072,21,2600,5.5,1080,1920,8,16.0,13.0,13.0,1,4.290459441148391,3.0
1073,23,2450,5.0,720,1280,4,8.0,5.0,5.0,0,4.110217911378391,1.0
1074,30,1500,4.0,480,800,1,0.512,2.0,0.3,0,3.218475744846861,0.256
1075,30,1750,4.5,480,800,4,8.0,5.0,0.3,0,4.442533602510535,1.0
1076,23,2000,4.5,480,854,4,8.0,5.0,0.3,0,3.4294608469350147,0.512
1077,23,2800,5.0,480,854,4,8.0,5.0,2.0,0,3.8636727444870993,1.0
1078,30,2350,5.0,720,1280,4,8.0,8.0,5.0,1,4.384523514872469,1.0
1079,34,2920,5.0,720,1280,1,16.0,13.0,5.0,1,4.110709916308365,2.0
1080,5,4100,5.2,720,1280,4,16.0,13.0,5.0,1,5.129188403540065,2.0
1081,27,4000,5.0,480,854,1,8.0,8.0,5.0,1,3.7035217308508064,1.0
1082,54,3000,5.5,720,1280,4,16.0,13.0,5.0,1,4.288814252951703,2.0
1083,54,2600,5.0,720,1280,4,16.0,8.0,5.0,1,4.366405253770925,2.0
1084,54,2600,5.0,720,1280,4,8.0,8.0,5.0,1,4.288814252951703,1.0
1085,23,3800,5.0,720,1280,4,8.0,8.0,2.0,1,4.109889773557563,1.0
1086,42,5000,5.5,1080,1920,8,32.0,13.0,13.0,1,4.976664774525102,3.0
1087,47,3000,5.5,1080,1920,8,32.0,16.0,5.0,1,4.889446465305039,3.0
1088,60,2500,5.5,720,1280,4,16.0,8.0,5.0,1,4.108740442505833,2.0
1089,27,2200,4.0,480,800,4,4.0,2.0,0.3,0,3.218475744846861,0.512
1090,64,3000,5.2,1080,1920,8,64.0,13.0,16.0,1,4.7957078975533864,4.0
1091,73,2300,5.0,480,854,4,8.0,5.0,2.0,1,4.088996955895506,1.0
1092,42,3000,5.5,1080,1920,4,64.0,16.0,8.0,1,5.53334996225466,6.0
1093,34,2500,5.0,1080,1920,8,32.0,13.0,13.0,1,4.441238494305727,3.0
1094,23,2100,5.0,480,854,4,8.0,5.0,0.3,0,4.068684815441523,1.0
1095,37,2500,5.5,720,1280,4,16.0,8.0,5.0,0,4.4961362649639565,1.0
1096,46,2630,5.0,720,1280,4,16.0,8.0,5.0,1,4.65386510752685,2.0
1097,23,2500,5.0,480,854,4,8.0,2.0,0.3,0,3.493472657771326,0.512
1098,47,5000,5.0,720,1280,4,8.0,8.0,5.0,0,4.204543354520176,1.0
1099,65,4100,5.0,720,1280,8,16.0,13.0,5.0,1,4.3694478524670215,2.0
1100,23,2200,5.0,720,1280,4,16.0,8.0,5.0,1,4.090838422892813,2.0
1101,34,3000,5.5,1080,1920,8,16.0,13.0,5.0,1,1.9358598132018119,2.0
1102,34,2300,5.0,720,1280,4,8.0,8.0,5.0,1,4.442651256490317,1.0
1103,47,2400,4.0,480,800,4,8.0,5.0,2.0,0,3.786006164844659,1.0
1104,47,1400,4.0,480,800,4,4.0,5.0,2.0,0,3.4294608469350147,0.512
1105,32,4050,6.4,720,1280,4,32.0,13.0,5.0,1,4.69125613490122,3.0
1106,32,4050,6.4,1440,2560,8,64.0,16.0,8.0,1,5.623981404452646,4.0
1107,30,2700,5.0,720,1280,4,16.0,13.0,5.0,1,4.110709916308365,3.0
1108,34,2000,5.0,720,1280,4,8.0,8.0,5.0,1,4.622911867464248,1.0
1109,30,2500,5.0,720,1280,4,8.0,8.0,5.0,1,4.765586907393996,2.0
1110,23,1800,4.5,480,584,4,8.0,5.0,2.0,1,4.007151350519723,1.0
1111,54,2600,5.0,720,1280,4,16.0,8.0,5.0,1,4.611052849146247,2.0
1112,34,1750,4.0,480,800,4,4.0,2.0,2.0,1,3.218475744846861,0.512
1113,59,3050,5.0,1080,1920,8,16.0,13.0,8.0,1,3.610647605844363,2.0
1114,30,2000,5.0,480,854,4,8.0,5.0,2.0,0,4.69125613490122,1.0
1115,23,3000,5.0,720,1280,4,16.0,8.0,5.0,1,4.007333185232471,2.0
1116,29,3000,5.7,1080,1920,8,16.0,16.0,8.0,1,4.69125613490122,3.0
1117,29,4100,5.3,720,1280,4,16.0,13.0,5.0,1,4.442533602510535,2.0
1118,34,1400,4.0,480,800,4,8.0,2.0,0.3,1,3.9394436010041383,0.512
1119,69,1800,4.5,480,854,4,8.0,5.0,2.0,0,3.4864572256129787,1.0
1120,30,1750,4.5,480,800,4,4.0,5.0,0.3,0,3.9394436010041383,0.512
1121,30,1300,4.0,480,800,4,4.0,2.0,0.3,0,3.394172766725191,0.512
1122,47,4000,5.0,720,1280,4,16.0,8.0,5.0,1,4.1920760507154355,3.0
1123,30,2200,5.5,480,800,4,8.0,5.0,2.0,0,3.9396381724611196,1.0
1124,37,2500,5.0,720,1280,4,8.0,8.0,8.0,0,4.285515734293038,1.0
1125,37,1750,4.5,480,854,4,8.0,5.0,5.0,1,3.962525987601253,1.0
1126,23,2200,5.0,720,1280,4,8.0,8.0,5.0,1,4.110709916308365,1.0
1127,23,1900,4.5,480,854,4,8.0,5.0,2.0,1,4.0841258620277685,1.0
1128,40,2800,5.0,720,1280,4,16.0,8.0,5.0,1,4.441238494305727,2.0
1129,57,2700,6.0,1080,1920,8,16.0,21.5,16.0,1,4.574607880405451,3.0
1130,32,2300,5.0,720,1280,4,8.0,5.0,2.0,1,4.007333185232471,1.0
1131,17,2200,5.0,720,1280,8,32.0,13.0,5.0,1,4.369194655858504,3.0
1132,34,4000,5.0,720,1280,4,8.0,8.0,2.0,1,4.2903224454635405,1.0
1133,34,1500,4.0,480,800,4,8.0,5.0,2.0,1,3.7884985191426486,1.0
1134,30,2000,5.0,480,800,4,4.0,5.0,2.0,0,3.732657076459824,0.512
1135,37,2000,5.0,720,1280,4,16.0,8.0,2.0,1,4.027848570933736,3.0
1136,23,1800,4.5,480,854,4,8.0,5.0,2.0,1,3.8792931808052273,1.0
1137,23,1450,4.0,480,800,4,4.0,0.3,0.3,0,3.49620448524049,0.512
1138,17,2800,5.5,1080,1920,8,32.0,13.0,4.0,1,4.574607880405451,3.0
1139,37,3000,6.0,540,960,4,8.0,8.0,5.0,1,4.5148077459077,1.0
1140,73,2000,5.0,480,854,4,4.0,5.0,0.3,0,3.218475744846861,0.512
1141,19,3000,5.2,1080,1920,8,16.0,13.0,8.0,0,4.7957078975533864,2.0
1142,47,2700,5.5,720,1280,4,16.0,13.0,5.0,1,4.213460043112263,2.0
1143,59,3000,5.5,720,1280,4,16.0,13.0,5.0,1,4.51085950651685,3.0
1144,5,2070,4.5,480,854,4,8.0,5.0,0.3,0,3.8916161956504833,1.0
1145,23,1500,4.5,480,854,4,8.0,2.0,0.3,0,4.060443010546419,1.0
1146,68,2540,5.5,720,1280,4,16.0,13.0,8.0,1,4.110709916308365,2.0
1147,68,3000,5.5,1080,1920,8,32.0,16.0,8.0,1,4.007333185232471,3.0
1148,31,3000,5.5,1080,1920,10,32.0,21.0,8.0,1,4.272211768666675,4.0
1149,42,2800,5.0,1080,1920,8,64.0,16.0,8.0,1,4.7957078975533864,3.0
1150,14,2000,5.0,720,1280,4,16.0,5.0,2.0,0,4.070734696582967,1.0
1151,67,4000,6.0,1080,1920,8,16.0,13.0,5.0,1,4.369321262176328,3.0
1152,63,3000,5.0,480,854,4,8.0,5.0,2.0,0,3.893247850101812,1.0
1153,17,3000,5.2,1440,2560,8,32.0,12.0,5.0,1,4.770769366637658,3.0
1154,36,4100,5.5,1080,1920,8,16.0,13.0,5.0,1,4.166355098198373,2.0
1155,52,2500,5.0,720,1280,4,8.0,5.0,2.0,0,3.5049566159530077,1.0
1156,5,2500,5.0,720,1280,4,16.0,8.0,5.0,1,4.1089047135534305,2.0
1157,14,1850,4.5,480,854,4,8.0,5.0,2.0,0,4.110709916308365,1.0
1158,54,5000,6.0,1080,1920,8,32.0,16.0,8.0,1,5.48380058667957,4.0
1159,23,1400,4.0,480,800,4,4.0,2.0,2.0,0,3.3101779832749867,0.512
1160,54,3300,5.5,720,1080,8,16.0,13.0,5.0,1,5.090062427727577,2.0
1161,54,3100,5.2,720,1280,4,16.0,13.0,5.0,1,4.7957078975533864,2.0
1162,64,2200,4.7,540,960,4,16.0,8.0,5.0,1,4.646216155424092,1.0
1163,52,2000,4.0,480,800,4,8.0,3.2,1.3,0,3.3105430133940246,1.0
1164,30,2500,5.0,720,1280,4,8.0,8.0,8.0,1,4.007333185232471,2.0
1165,63,2200,5.0,720,1280,4,16.0,13.0,5.0,1,4.384523514872469,2.0
1166,30,1200,4.0,480,800,2,4.0,2.0,0.3,0,3.218475744846861,0.512
1167,23,2500,5.0,480,854,4,8.0,5.0,0.3,0,3.713572066704308,1.0
1168,23,1700,4.0,480,800,4,4.0,2.0,0.3,1,4.3694478524670215,0.768
1169,30,1750,4.5,480,854,2,8.0,3.2,0.3,0,3.218475744846861,0.512
1170,21,2300,4.5,850,480,4,8.0,8.0,5.0,1,4.00514898341763,1.0
1171,47,1600,4.5,480,854,4,8.0,5.0,2.0,0,4.408181592150733,1.0
1172,23,2200,5.0,480,854,4,8.0,5.0,0.0,0,3.76096753050819,1.0
1173,75,3050,5.5,1080,1920,8,64.0,21.0,8.0,1,4.369321262176328,4.0
1174,75,2600,5.5,1080,1920,8,32.0,16.0,8.0,1,4.497473610532717,3.0
1175,23,2300,5.0,480,854,2,8.0,5.0,2.0,0,3.610647605844363,1.0
1176,34,2250,5.0,480,854,4,8.0,5.0,5.0,1,3.76096753050819,1.0
1177,9,2300,5.0,720,1280,4,16.0,13.0,5.0,1,4.574607880405451,2.0
1178,71,3600,5.5,1080,1920,10,32.0,21.0,8.0,1,4.793805104838638,4.0
1179,66,2500,5.0,720,1280,4,8.0,8.0,5.0,1,4.020159664032724,2.0
1180,23,2500,5.0,720,1280,4,16.0,8.0,2.0,1,4.070564033556697,2.0
1181,68,2500,5.0,720,1280,4,16.0,8.0,8.0,1,3.851848282392076,2.0
1182,57,2620,5.0,1080,1920,1,32.0,23.0,13.0,1,5.484298884173478,3.0
1183,57,2300,5.0,720,1280,8,16.0,13.0,8.0,1,4.573989068504517,2.0
1184,17,2700,5.5,720,1280,4,16.0,13.0,5.0,1,4.561009290202322,2.0
1185,17,2200,5.0,720,1280,4,16.0,13.0,5.0,1,4.825028346310772,2.0
1186,16,4150,5.96,1440,2560,4,64.0,15.0,8.0,1,6.971321452542985,4.0
1187,2,2610,5.2,1080,1920,8,16.0,13.0,8.0,1,5.322961197460796,3.0
1188,23,3000,5.0,720,1280,4,16.0,8.0,5.0,1,4.421127148295796,2.0
1189,59,3000,5.0,480,854,4,8.0,8.0,3.2,0,3.9158158036668422,1.0
1190,29,3000,5.7,720,1280,4,16.0,13.0,8.0,1,4.574607880405451,1.0
1191,23,2200,5.0,720,1280,4,16.0,8.0,2.0,1,4.414009680526933,3.0
1192,23,3000,5.0,720,1280,4,8.0,5.0,2.0,0,3.6425737012374246,1.0
1193,38,2000,5.0,720,1280,4,16.0,8.0,5.0,1,4.794798317964484,1.0
1194,29,2520,5.2,1080,1920,8,16.0,13.0,8.0,1,4.574710978503383,2.0
1195,23,2500,5.0,720,1280,4,8.0,8.0,2.0,1,3.610647605844363,1.0
1196,23,1400,4.0,480,800,4,4.0,2.0,2.0,0,3.5435646229490776,0.512
1197,30,2500,5.0,720,1280,4,8.0,8.0,5.0,1,4.572233685741827,2.0
1198,30,2000,5.0,720,1280,4,4.0,5.0,2.0,1,4.10082352831981,0.512
1199,32,5000,5.5,1080,1920,8,32.0,13.0,5.0,1,4.5342110970475975,3.0
1200,30,2500,5.0,720,1280,4,8.0,5.0,2.0,1,3.88936831486334,1.0
1201,23,1500,4.0,480,800,1,8.0,5.0,0.3,1,3.607669398688393,1.0
1202,23,1800,4.5,480,854,1,8.0,5.0,2.0,1,4.110709916308365,1.0
1203,47,3200,5.0,720,1280,4,16.0,8.0,5.0,0,4.168059600044382,2.0
1204,34,2000,4.5,480,854,4,8.0,5.0,5.0,1,4.204543354520176,1.0
1205,30,2500,5.0,720,1280,4,8.0,8.0,5.0,0,3.8916161956504833,2.0
1206,71,2500,5.0,720,1280,4,16.0,13.2,5.0,1,4.976733742420574,2.0
1207,73,2600,5.5,720,1280,4,16.0,13.0,8.0,1,4.523851664810503,2.0
1208,37,3000,5.0,480,854,4,8.0,5.0,2.0,0,3.8905950580145254,1.0
1209,64,2350,5.0,540,960,4,16.0,8.0,5.0,1,4.702206148499686,2.0
1210,30,3000,5.5,720,1280,4,16.0,13.0,8.0,1,4.605170185988092,3.0
1211,34,2400,5.0,720,1280,8,16.0,13.0,5.0,1,4.543294782270004,2.0
1212,34,2600,5.0,1080,1920,8,16.0,13.0,5.0,1,4.070734696582967,2.0
1213,32,3500,5.5,1080,1920,8,16.0,13.0,8.0,1,4.69024635834321,2.0
1214,47,2350,5.0,720,1280,8,32.0,13.0,5.0,1,5.129069969241354,3.0
1215,59,2500,5.0,720,1280,4,16.0,8.0,5.0,0,3.7884985191426486,2.0
1216,30,2000,5.0,480,854,4,8.0,5.0,2.0,0,3.746912485364546,1.0
1217,23,2300,5.0,480,854,2,8.0,2.0,0.3,0,4.04795152265239,1.0
1218,30,1550,4.0,480,800,4,8.0,5.0,0.3,0,4.149306120296075,1.0
1219,23,2000,5.0,480,854,4,8.0,5.0,2.0,1,4.065945087700403,1.0
1220,23,1400,4.0,480,800,1,4.0,2.0,0.3,0,3.394172766725191,0.512
1221,23,1400,4.0,480,800,1,0.512,2.0,0.3,0,3.218475744846861,0.256
1222,32,2900,5.5,1080,1920,8,16.0,13.0,5.0,1,5.1298987149230735,2.0
1223,27,2300,5.0,480,854,4,8.0,3.2,1.3,0,4.04795152265239,0.512
1224,2,2580,6.0,720,1280,4,16.0,8.0,5.0,1,3.891412051524022,1.0
1225,29,2125,5.0,480,854,4,8.0,5.0,5.0,0,2.559550192783766,1.0
1226,29,2300,5.3,720,1280,4,8.0,13.0,5.0,0,3.8903907053010323,1.0
1227,23,1700,4.5,480,854,2,4.0,5.0,2.0,0,3.8416005411316,0.512
1228,30,2000,5.0,480,854,4,8.0,5.0,2.0,0,3.5776685247779345,0.512
1229,23,2000,4.5,480,854,4,8.0,2.0,0.3,0,3.9604321446358335,1.0
1230,27,2000,5.0,540,960,4,8.0,8.0,3.2,0,4.657762636107262,1.0
1231,66,2300,5.0,720,1280,4,8.0,8.0,5.0,0,4.574607880405451,1.0
1232,69,2900,5.5,540,960,4,8.0,5.0,2.0,0,3.8258113086090804,1.0
1233,63,2200,5.0,720,1280,4,8.0,13.0,5.0,1,3.594568774642695,1.0
1234,23,2000,5.0,720,1280,4,8.0,8.0,2.0,1,4.049870072120271,1.0
1235,23,2000,4.5,480,854,4,8.0,2.0,0.3,0,3.3101779832749867,0.512
1236,28,2350,5.0,720,1280,4,16.0,13.0,5.0,1,4.007151350519723,3.0
1237,37,2100,5.0,720,1280,8,16.0,13.0,5.0,1,3.927896354584436,3.0
1238,5,3450,7.0,1024,600,4,8.0,5.0,0.3,0,4.32267464022361,1.0
1239,65,3100,5.5,720,1280,4,16.0,13.0,5.0,1,4.69125613490122,2.0
1240,73,2200,5.5,720,1280,4,8.0,8.0,5.0,0,3.8916161956504833,1.0
1241,37,2500,5.5,720,1280,4,16.0,13.0,5.0,1,4.068684815441523,3.0
1242,37,2000,4.7,720,1280,4,8.0,8.0,5.0,1,4.1089047135534305,1.0
1243,14,2000,5.0,720,1280,8,16.0,5.0,2.0,0,4.442533602510535,1.0
1244,68,2800,5.0,720,1280,8,16.0,13.0,8.0,0,3.5779478934066544,2.0
1245,47,2500,5.5,720,1280,8,16.0,13.0,5.0,1,4.441238494305727,2.0
1246,54,3300,5.5,1080,1920,8,16.0,13.0,5.0,1,4.7957078975533864,3.0
1247,63,2200,5.0,720,1280,8,8.0,8.0,5.0,0,4.35259782398307,1.0
1248,63,1600,4.5,480,854,4,8.0,2.0,0.3,0,3.610647605844363,1.0
1249,37,2500,5.0,854,480,4,8.0,5.0,2.0,1,4.5107496103686,1.0
1250,30,2900,5.0,720,1280,4,16.0,13.0,5.0,1,4.976733742420574,3.0
1251,23,4000,5.0,720,1280,4,8.0,5.0,2.0,0,4.110709916308365,1.0
1252,30,2000,4.5,480,854,4,8.0,5.0,0.3,0,3.610647605844363,1.0
1253,54,2600,5.0,720,1280,4,8.0,8.0,5.0,1,4.110709916308365,1.0
1254,23,2300,5.0,480,854,2,8.0,2.0,0.3,0,3.913621726791843,0.512
1255,37,2000,5.0,720,1280,4,16.0,8.0,2.0,1,3.903990833730882,2.0
1256,37,1750,4.5,480,854,4,8.0,8.0,2.0,1,3.8413859258287055,1.0
1257,23,2150,5.0,720,1280,4,16.0,8.0,2.0,1,4.265352359115782,3.0
1258,23,1400,4.0,480,800,1,0.512,0.3,0.3,0,3.3101779832749867,0.256
1259,23,2000,4.5,480,854,4,8.0,2.0,0.3,0,3.3101779832749867,0.512
1260,73,2100,5.0,480,854,4,8.0,8.0,3.2,1,4.049870072120271,1.0
1261,14,3150,5.5,720,1280,8,16.0,13.0,5.0,1,4.36792771029438,3.0
1262,21,2600,5.5,720,1280,4,16.0,13.0,8.0,1,4.441238494305727,2.0
1263,17,2800,5.5,1080,1920,8,16.0,13.0,4.0,1,4.574607880405451,2.0
1264,17,2800,5.5,720,1280,8,16.0,13.0,5.0,0,4.941856685367686,1.0
1265,23,2500,5.0,480,854,4,8.0,5.0,0.3,0,4.091005660956586,1.0
1266,23,1400,4.0,480,800,2,8.0,0.3,0.3,0,3.962525987601253,0.512
1267,66,2400,5.0,1080,1920,8,32.0,13.0,5.0,1,4.7957078975533864,3.0
1268,21,2000,4.5,480,854,4,8.0,5.0,2.0,0,3.4301087251565754,1.0
1269,27,2000,4.0,480,800,1,0.512,2.0,0.3,0,3.4716558453107167,0.256
1270,46,2420,5.0,540,960,4,16.0,8.0,5.0,1,4.599152113662528,1.0
1271,54,3000,5.5,720,1280,4,8.0,13.0,5.0,1,4.793473814459594,1.0
1272,37,2000,5.0,480,854,4,2.0,5.0,2.0,0,3.394172766725191,0.512
1273,54,2600,5.0,720,1280,4,8.0,8.0,5.0,1,4.040592106222854,1.0
1274,32,2000,4.0,480,800,4,8.0,5.0,0.3,0,3.774827766250301,1.0
1275,32,2300,5.0,720,1280,4,16.0,13.0,5.0,1,4.288814252951703,2.0
1276,30,4000,5.0,480,854,4,8.0,8.0,2.0,0,4.657762636107262,2.0
1277,23,2000,5.0,720,1280,4,8.0,5.0,0.3,0,4.168214410788556,1.0
1278,23,2500,5.0,720,1280,4,16.0,8.0,5.0,1,4.72384171570559,3.0
1279,71,3000,5.5,1080,1920,8,16.0,13.2,5.0,1,4.369321262176328,3.0
1280,37,1450,4.0,480,800,4,4.0,2.0,1.3,0,3.327909585892323,0.512
1281,37,2000,5.0,480,854,4,4.0,5.0,2.0,0,3.610647605844363,0.512
1282,54,2600,5.0,720,1280,4,8.0,8.0,5.0,0,4.1089047135534305,1.0
1283,47,2910,5.5,720,1280,4,8.0,8.0,2.0,0,4.63463189613771,1.0
1284,47,2150,5.0,720,1280,4,8.0,8.0,2.0,0,3.866816412590067,1.0
1285,68,2800,5.2,1080,1920,8,32.0,13.0,8.0,1,4.273884476054178,3.0
1286,73,1700,4.5,480,854,2,8.0,5.0,2.0,0,3.851848282392076,0.512
1287,38,2100,4.7,720,1280,4,8.0,5.0,2.0,1,4.186315840760911,1.0
1288,38,3000,5.2,1440,2560,6,32.0,20.0,5.0,1,6.2099573002067645,3.0
1289,38,3340,5.7,1440,2560,8,32.0,20.0,5.0,1,5.707077041605631,3.0
1290,37,1650,4.5,480,854,4,4.0,5.0,2.0,0,3.610647605844363,0.512
1291,29,3000,5.7,1440,2560,6,64.0,16.0,5.0,1,5.19844178112078,4.0
1292,63,3000,5.0,480,854,4,1.0,8.0,5.0,0,4.186467851097906,1.0
1293,63,2000,5.0,480,854,4,8.0,5.0,2.0,0,3.5435646229490776,1.0
1294,64,1900,4.5,854,480,4,8.0,5.0,2.0,0,4.110709916308365,1.0
1295,54,1800,4.3,480,800,2,4.0,5.0,2.0,0,3.9627161197436642,0.512
1296,64,2260,4.7,720,1280,4,16.0,8.0,5.0,1,4.691439621140267,1.0
1297,37,2820,5.5,720,1280,4,16.0,13.0,5.0,1,4.007151350519723,2.0
1298,30,2000,4.0,480,800,1,8.0,5.0,0.3,0,3.433664571799657,0.512
1299,37,2000,4.5,480,854,4,8.0,5.0,2.0,1,3.6735119769828146,1.0
1300,14,2000,4.5,480,485,4,16.0,5.0,0.3,0,3.7035217308508064,1.0
1301,37,2000,5.0,720,1280,4,8.0,8.0,5.0,0,4.104954741334116,1.0
1302,23,4000,5.0,720,1280,4,8.0,5.0,2.0,0,4.288814252951703,1.0
1303,37,4000,5.5,720,1280,4,16.0,8.0,5.0,0,4.288814252951703,2.0
1304,23,1850,4.7,720,1280,4,8.0,8.0,8.0,0,3.961574784257394,1.0
1305,73,2000,5.0,720,1280,4,16.0,13.0,8.0,1,3.8916161956504833,2.0
1306,37,4000,5.0,720,1280,4,8.0,8.0,2.0,0,3.9604321446358335,2.0
1307,17,2800,5.5,720,1280,8,16.0,13.0,5.0,1,4.2903224454635405,2.0
1308,32,3900,5.0,720,1280,4,16.0,8.0,5.0,1,4.442533602510535,2.0
1309,57,3430,5.5,2160,3840,8,32.0,23.0,5.0,1,6.53813982376767,3.0
1310,1,2420,5.0,720,1280,4,16.0,8.0,8.0,1,4.248495242049359,2.0
1311,37,1850,4.5,480,854,4,8.0,5.0,2.0,1,3.8916161956504833,1.0
1312,23,2000,5.0,480,854,4,8.0,8.0,2.0,0,3.8152918164683745,0.512
1313,73,1800,4.5,480,854,4,1.0,8.0,3.2,0,4.109889773557563,1.0
1314,63,2200,5.0,720,1280,8,8.0,8.0,5.0,0,4.204543354520176,1.0
1315,23,3000,5.0,720,1280,4,8.0,5.0,2.0,1,4.2310583855379225,1.0
1316,71,2500,5.0,1080,1920,8,16.0,13.2,5.0,1,3.88936831486334,3.0
1317,47,2910,5.5,1080,1920,8,32.0,13.0,8.0,1,5.197833827969714,2.0
1318,23,1500,4.0,480,800,4,4.0,2.0,0.3,0,3.394172766725191,0.512
1319,32,2000,4.5,480,854,4,8.0,5.0,2.0,1,4.290459441148391,1.0
1320,30,1400,4.0,400,800,1,0.512,2.0,0.3,0,3.319987326236612,0.256
1321,47,1800,4.5,480,854,4,8.0,5.0,0.3,1,4.039536325727106,1.0
1322,47,2000,5.0,720,1280,4,8.0,8.0,2.0,1,4.262116338001324,1.0
1323,47,2500,5.5,540,960,4,8.0,8.0,2.0,1,3.88936831486334,1.0
1324,30,1750,4.5,854,480,4,8.0,5.0,0.3,0,3.962525987601253,0.512
1325,73,2000,5.0,540,960,4,8.0,8.0,0.3,0,3.76096753050819,0.512
1326,23,2000,5.0,540,960,4,8.0,5.0,0.3,0,3.866816412590067,0.512
1327,49,1600,4.0,480,800,2,4.0,5.0,0.3,0,3.6735119769828146,0.512
1328,23,1700,4.5,540,960,4,16.0,8.0,5.0,0,4.007151350519723,2.0
1329,9,2500,5.0,720,1280,4,8.0,8.0,2.0,1,4.007333185232471,1.0
1330,23,1600,4.5,480,854,4,8.0,5.0,1.3,0,3.9961803134348695,0.512
1331,23,2300,5.5,720,1280,4,8.0,8.0,2.0,0,4.599152113662528,1.0
1332,5,3000,6.0,1080,1920,8,16.0,13.0,5.0,1,4.69125613490122,3.0
1333,23,2300,5.0,720,1280,4,16.0,13.0,5.0,1,4.2903224454635405,2.0
1334,30,2500,5.0,720,1280,4,16.0,13.0,8.0,1,4.442533602510535,2.0
1335,5,2070,5.0,720,1280,4,8.0,13.0,5.0,1,4.288814252951703,2.0
1336,57,2600,5.0,1080,1920,8,16.0,21.5,13.0,1,4.2903224454635405,3.0
1337,57,2930,6.0,1080,1920,8,16.0,13.0,13.0,1,5.745819730447258,2.0
1338,30,2000,4.5,854,480,4,8.0,8.0,5.0,0,3.610647605844363,1.0
1339,21,2450,5.2,1080,1920,8,16.0,13.0,5.0,1,4.00514898341763,2.0
1340,47,1400,3.5,480,800,2,4.0,2.0,0.3,0,3.2188758248682006,0.512
1341,73,3000,6.0,720,1280,4,8.0,8.0,5.0,0,4.110873864173311,1.0
1342,30,2000,5.0,480,854,4,8.0,5.0,2.0,0,3.610647605844363,1.0
1343,23,2900,4.0,480,800,4,4.0,5.0,2.0,0,3.903990833730882,0.512
1344,29,2540,5.0,480,854,4,8.0,8.0,5.0,0,3.8916161956504833,1.0
1345,27,1800,4.7,720,1280,4,16.0,8.0,5.0,0,3.88936831486334,2.0
1346,47,1500,4.0,480,800,4,4.0,3.0,0.3,0,3.607669398688393,0.512
1347,73,1250,3.5,320,480,1,0.512,2.0,0.3,0,3.433664571799657,0.256
1348,58,1450,4.0,480,800,1,4.0,3.2,1.3,0,3.7612001156935624,0.512
1349,37,1300,4.0,480,800,2,4.0,3.2,0.3,0,3.60576954739093,0.512
1350,64,2300,5.0,720,1280,4,16.0,13.0,5.0,1,5.218191322068752,2.0
1351,47,2050,5.0,720,1280,8,16.0,13.0,5.0,0,4.209902902856373,2.0
1352,66,2100,5.0,854,480,4,8.0,8.0,2.0,0,3.8152918164683745,1.0
1353,23,1400,4.0,480,800,4,8.0,5.0,0.3,0,3.7884985191426486,1.0
1354,23,1500,4.0,480,800,4,8.0,5.0,0.3,0,3.4716558453107167,0.512
1355,63,2000,5.0,480,854,4,8.0,8.0,5.0,0,3.591266625246936,1.0
1356,23,1700,4.5,480,854,2,4.0,5.0,2.0,0,3.610647605844363,0.512
1357,73,1250,4.0,480,800,1,0.512,2.0,0.3,0,3.4333418349887226,0.256
1358,73,2150,5.0,480,854,4,8.0,8.0,0.0,0,3.8916161956504833,1.0
